source,source_place_id,name,category,phone,address,road_address,latitude,longitude,search_region_code,region_code,region_resolution_source,region_distance_m,region_resolution_confidence,source_url,search_query,collected_at,naver_mapx,naver_mapy,resolved_region_code,reject_reason
KAKAO,534862116,뷰376카페,음식점 > 카페,,서울 강남구 압구정동 376-1,,37.531416532105254,127.04226573399961,SEONGSU,GANGNAM,ADDRESS:강남구,3497,0.9,http://place.map.kakao.com/534862116,성수 루프탑 카페,2026-09-08T22:18:42,,,GANGNAM,OUT_OF_TARGET_REGION
KAKAO,1901496827,포르르,음식점 > 카페,0502-5553-2638,서울 광진구 화양동 3-26,서울 광진구 능동로 137-1,37.5431980988527,127.071907632875,SEONGSU,,NO_REGION_MATCH,1942,0.0,http://place.map.kakao.com/1901496827,성수 루프탑 카페,2026-09-08T22:18:42,,,,NO_REGION_MATCH
KAKAO,1618335219,소확행,음식점 > 카페,,서울 성동구 옥수동 359,서울 성동구 한림말5길 17,37.542773739676676,127.01654653842128,SEONGSU,,NO_REGION_MATCH,1688,0.0,http://place.map.kakao.com/1618335219,성수 루프탑 카페,2026-09-08T22:18:42,,,,NO_REGION_MATCH
KAKAO,1220194232,트레비커피로스터스,음식점 > 카페,010-4682-3024,서울 광진구 군자동 360-23,서울 광진구 군자로 63,37.5490247816054,127.070541686786,SEONGSU,,NO_REGION_MATCH,1865,0.0,http://place.map.kakao.com/1220194232,성수 루프탑 카페,2026-09-08T22:18:42,,,,NO_REGION_MATCH
KAKAO,485950525,환원당,음식점 > 카페,070-8838-0230,서울 광진구 화양동 94-25,서울 광진구 능동로 166,37.545299156854966,127.0734882049305,SEONGSU,,NO_REGION_MATCH,2071,0.0,http://place.map.kakao.com/485950525,성수 루프탑 카페,2026-09-08T22:18:42,,,,NO_REGION_MATCH
KAKAO,860157053,카페드씨밀레,음식점 > 카페 > 테마카페 > 디저트카페,02-2292-2223,서울 성동구 마장동 781-9,서울 성동구 마장로44길 8-18,37.5665426906751,127.04516286584,SEONGSU,,NO_REGION_MATCH,2433,0.0,http://place.map.kakao.com/860157053,성수 루프탑 카페,2026-09-08T22:18:42,,,,NO_REGION_MATCH
KAKAO,23979203,빈플래토,음식점 > 카페,,서울 성동구 옥수동 356-2,서울 성동구 한림말5길 19,37.5429719758473,127.0164300331,SEONGSU,,NO_REGION_MATCH,1691,0.0,http://place.map.kakao.com/23979203,성수 루프탑 카페,2026-09-08T22:18:42,,,,NO_REGION_MATCH
KAKAO,500100347,무프아파트먼트,음식점 > 카페,02-2298-0397,서울 성동구 하왕십리동 975-20,서울 성동구 무학봉길 82,37.5615204686845,127.031498701771,SEONGSU,,NO_REGION_MATCH,2457,0.0,http://place.map.kakao.com/500100347,성수 루프탑 카페,2026-09-08T22:18:42,,,,NO_REGION_MATCH
KAKAO,534862116,뷰376카페,음식점 > 카페,,서울 강남구 압구정동 376-1,,37.531416532105254,127.04226573399961,SEONGSU,GANGNAM,ADDRESS:강남구,3497,0.9,http://place.map.kakao.com/534862116,성수 옥상 카페,2026-09-08T22:18:42,,,GANGNAM,OUT_OF_TARGET_REGION
KAKAO,1901496827,포르르,음식점 > 카페,0502-5553-2638,서울 광진구 화양동 3-26,서울 광진구 능동로 137-1,37.5431980988527,127.071907632875,SEONGSU,,NO_REGION_MATCH,1942,0.0,http://place.map.kakao.com/1901496827,성수 옥상 카페,2026-09-08T22:18:42,,,,NO_REGION_MATCH
KAKAO,1618335219,소확행,음식점 > 카페,,서울 성동구 옥수동 359,서울 성동구 한림말5길 17,37.542773739676676,127.01654653842128,SEONGSU,,NO_REGION_MATCH,1688,0.0,http://place.map.kakao.com/1618335219,성수 옥상 카페,2026-09-08T22:18:42,,,,NO_REGION_MATCH
KAKAO,1220194232,트레비커피로스터스,음식점 > 카페,010-4682-3024,서울 광진구 군자동 360-23,서울 광진구 군자로 63,37.5490247816054,127.070541686786,SEONGSU,,NO_REGION_MATCH,1865,0.0,http://place.map.kakao.com/1220194232,성수 옥상 카페,2026-09-08T22:18:42,,,,NO_REGION_MATCH
KAKAO,485950525,환원당,음식점 > 카페,070-8838-0230,서울 광진구 화양동 94-25,서울 광진구 능동로 166,37.545299156854966,127.0734882049305,SEONGSU,,NO_REGION_MATCH,2071,0.0,http://place.map.kakao.com/485950525,성수 옥상 카페,2026-09-08T22:18:42,,,,NO_REGION_MATCH
KAKAO,860157053,카페드씨밀레,음식점 > 카페 > 테마카페 > 디저트카페,02-2292-2223,서울 성동구 마장동 781-9,서울 성동구 마장로44길 8-18,37.5665426906751,127.04516286584,SEONGSU,,NO_REGION_MATCH,2433,0.0,http://place.map.kakao.com/860157053,성수 옥상 카페,2026-09-08T22:18:42,,,,NO_REGION_MATCH
KAKAO,19615417,서울루덴스,음식점 > 카페,02-795-4151,서울 용산구 이태원동 5-12,서울 용산구 회나무로 69,37.5404177441095,126.994260999632,HANNAM,ITAEWON,ADDRESS:이태원동,636,0.95,http://place.map.kakao.com/19615417,한남 루프탑 카페,2026-09-08T22:18:42,,,ITAEWON,OUT_OF_TARGET_REGION
KAKAO,1886309015,콩카페 이태원점,음식점 > 카페 > 커피전문점 > 콩카페,070-7717-0333,서울 용산구 이태원동 34-54,서울 용산구 녹사평대로 168-8,37.53324004328261,126.98945989685845,HANNAM,ITAEWON,ADDRESS:이태원동,457,0.95,http://place.map.kakao.com/1886309015,한남 루프탑 카페,2026-09-08T22:18:42,,,ITAEWON,OUT_OF_TARGET_REGION
KAKAO,21555431,에브리씽벗더히어로,음식점 > 카페,02-792-7909,서울 용산구 이태원동 210-68,서울 용산구 회나무로 62,37.5400933449703,126.993505181508,HANNAM,ITAEWON,ADDRESS:이태원동,604,0.95,http://place.map.kakao.com/21555431,한남 루프탑 카페,2026-09-08T22:18:42,,,ITAEWON,OUT_OF_TARGET_REGION
KAKAO,764370388,드로우지,음식점 > 카페,,서울 용산구 이태원동 2-5,서울 용산구 회나무로 83,37.5409854293477,126.995541831055,HANNAM,ITAEWON,ADDRESS:이태원동,707,0.95,http://place.map.kakao.com/764370388,한남 루프탑 카페,2026-09-08T22:18:42,,,ITAEWON,OUT_OF_TARGET_REGION
KAKAO,478103433,웰니스카페사유,음식점 > 카페,02-518-8219,서울 용산구 용산동2가 5-84,서울 용산구 신흥로 11,37.5396296181237,126.986328152322,HANNAM,HAEBANGCHON_HUAM,ADDRESS:용산동2가,616,0.95,http://place.map.kakao.com/478103433,한남 루프탑 카페,2026-09-08T22:18:42,,,HAEBANGCHON_HUAM,OUT_OF_TARGET_REGION
KAKAO,1910390625,마하 한남,음식점 > 카페,070-8064-8409,서울 용산구 동빙고동 21-2,서울 용산구 서빙고로91나길 85,37.5244926232332,126.996088082789,HANNAM,,NO_REGION_MATCH,1146,0.0,http://place.map.kakao.com/1910390625,한남 한강뷰 카페,2026-09-08T22:18:42,,,,NO_REGION_MATCH
KAKAO,478103433,웰니스카페사유,음식점 > 카페,02-518-8219,서울 용산구 용산동2가 5-84,서울 용산구 신흥로 11,37.5396296181237,126.986328152322,ITAEWON,HAEBANGCHON_HUAM,ADDRESS:용산동2가,616,0.95,http://place.map.kakao.com/478103433,이태원 루프탑 카페,2026-09-08T22:18:42,,,HAEBANGCHON_HUAM,OUT_OF_TARGET_REGION
KAKAO,1118850411,아스티에드빌라트카페,음식점 > 카페,,서울 용산구 한남동 744-29,서울 용산구 이태원로49길 13,37.5370481424417,126.999705821579,ITAEWON,HANNAM,ADDRESS:한남동,292,0.9,http://place.map.kakao.com/1118850411,이태원 루프탑 카페,2026-09-08T22:18:42,,,HANNAM,OUT_OF_TARGET_REGION
KAKAO,2053517065,아뜰리에남산,음식점 > 카페,0507-1485-0282,서울 용산구 용산동2가 34-20,서울 용산구 신흥로7길 51-5,37.5432785111853,126.985040914117,ITAEWON,HAEBANGCHON_HUAM,ADDRESS:용산동2가,225,0.95,http://place.map.kakao.com/2053517065,이태원 루프탑 카페,2026-09-08T22:18:42,,,HAEBANGCHON_HUAM,OUT_OF_TARGET_REGION
KAKAO,711864705,맥심플랜트,음식점 > 카페,070-4287-8557,서울 용산구 한남동 683-140,서울 용산구 이태원로 250,37.53698957357094,127.00099681148605,ITAEWON,HANNAM,ADDRESS:한남동,280,0.9,http://place.map.kakao.com/711864705,이태원 루프탑 카페,2026-09-08T22:18:42,,,HANNAM,OUT_OF_TARGET_REGION
KAKAO,214831310,S.caf,음식점 > 카페,010-2238-7912,서울 용산구 용산동2가 14-3,서울 용산구 소월로26길 12,37.5454033064289,126.987062626089,ITAEWON,HAEBANGCHON_HUAM,ADDRESS:용산동2가,372,0.95,http://place.map.kakao.com/214831310,이태원 루프탑 카페,2026-09-08T22:18:42,,,HAEBANGCHON_HUAM,OUT_OF_TARGET_REGION
KAKAO,1316697633,르몽블랑,음식점 > 카페 > 테마카페 > 디저트카페,070-8887-8200,서울 용산구 용산동2가 1-91,서울 용산구 신흥로 99-4,37.5448786623818,126.98485501628461,ITAEWON,HAEBANGCHON_HUAM,ADDRESS:용산동2가,169,0.95,http://place.map.kakao.com/1316697633,이태원 루프탑 카페,2026-09-08T22:18:42,,,HAEBANGCHON_HUAM,OUT_OF_TARGET_REGION
KAKAO,469724609,쉘터 해방촌,음식점 > 카페,0503-7151-8980,서울 용산구 용산동2가 19-11,서울 용산구 신흥로11길 49-12,37.5446516920896,126.985504583588,ITAEWON,HAEBANGCHON_HUAM,ADDRESS:용산동2가,221,0.95,http://place.map.kakao.com/469724609,이태원 루프탑 카페,2026-09-08T22:18:42,,,HAEBANGCHON_HUAM,OUT_OF_TARGET_REGION
KAKAO,1698143190,오잇,음식점 > 카페 > 테마카페 > 디저트카페,0507-1418-2073,서울 용산구 용산동2가 1-471,서울 용산구 신흥로 95,37.54553552087409,126.98509138439792,ITAEWON,HAEBANGCHON_HUAM,ADDRESS:용산동2가,217,0.95,http://place.map.kakao.com/1698143190,이태원 루프탑 카페,2026-09-08T22:18:42,,,HAEBANGCHON_HUAM,OUT_OF_TARGET_REGION
KAKAO,1364425160,타자기,음식점 > 카페,010-4445-8918,서울 용산구 용산동2가 1-508,서울 용산구 신흥로 97-5,37.5452318575497,126.984882102732,ITAEWON,HAEBANGCHON_HUAM,ADDRESS:용산동2가,185,0.95,http://place.map.kakao.com/1364425160,이태원 루프탑 카페,2026-09-08T22:18:42,,,HAEBANGCHON_HUAM,OUT_OF_TARGET_REGION
KAKAO,27495682,오랑오랑,음식점 > 카페,02-3789-7007,서울 용산구 용산동2가 1-62,서울 용산구 소월로20길 26-14,37.54512916396182,126.98504167590829,ITAEWON,HAEBANGCHON_HUAM,ADDRESS:용산동2가,193,0.95,http://place.map.kakao.com/27495682,이태원 루프탑 카페,2026-09-08T22:18:42,,,HAEBANGCHON_HUAM,OUT_OF_TARGET_REGION
KAKAO,1978415596,빌라커피,음식점 > 카페,070-8161-8019,서울 용산구 용산동2가 1,서울 용산구 신흥로 101-9,37.5446966669096,126.984904842228,ITAEWON,HAEBANGCHON_HUAM,ADDRESS:용산동2가,169,0.95,http://place.map.kakao.com/1978415596,이태원 루프탑 카페,2026-09-08T22:18:42,,,HAEBANGCHON_HUAM,OUT_OF_TARGET_REGION
KAKAO,803550065,리암스카페바,음식점 > 카페,,서울 용산구 용산동2가 5-1119,서울 용산구 소월로20길 64,37.5439451465453,126.984239636664,ITAEWON,HAEBANGCHON_HUAM,ADDRESS:용산동2가,126,0.95,http://place.map.kakao.com/803550065,이태원 루프탑 카페,2026-09-08T22:18:43,,,HAEBANGCHON_HUAM,OUT_OF_TARGET_REGION
KAKAO,1245122800,카페남산아래,음식점 > 카페,,서울 용산구 용산동2가 1-528,서울 용산구 신흥로 94-1,37.545705791770494,126.98494990220203,ITAEWON,HAEBANGCHON_HUAM,ADDRESS:용산동2가,218,0.95,http://place.map.kakao.com/1245122800,이태원 루프탑 카페,2026-09-08T22:18:43,,,HAEBANGCHON_HUAM,OUT_OF_TARGET_REGION
KAKAO,2115286549,코제트,음식점 > 카페,02-2139-9011,서울 용산구 한남동 684-12,서울 용산구 대사관로5길 22,37.5352704672116,127.000579291447,ITAEWON,HANNAM,ADDRESS:한남동,86,0.9,http://place.map.kakao.com/2115286549,이태원 루프탑 카페,2026-09-08T22:18:43,,,HANNAM,OUT_OF_TARGET_REGION
KAKAO,879954064,꼮 남산,음식점 > 카페,010-4200-6813,서울 용산구 용산동2가 5-1119,서울 용산구 소월로20길 64,37.5439667740009,126.984265657991,ITAEWON,HAEBANGCHON_HUAM,ADDRESS:용산동2가,126,0.95,http://place.map.kakao.com/879954064,이태원 루프탑 카페,2026-09-08T22:18:43,,,HAEBANGCHON_HUAM,OUT_OF_TARGET_REGION
KAKAO,801893852,보난자커피 한남점,음식점 > 카페 > 커피전문점 > 보난자커피,,서울 용산구 한남동 682-12,서울 용산구 이태원로54길 13,37.5377238731259,127.002172414098,ITAEWON,HANNAM,ADDRESS:한남동,388,0.9,http://place.map.kakao.com/801893852,이태원 루프탑 카페,2026-09-08T22:18:43,,,HANNAM,OUT_OF_TARGET_REGION
KAKAO,2084318640,클리프 서울,음식점 > 카페,010-2603-8831,서울 용산구 후암동 406-56,서울 용산구 두텁바위로38길 29-17,37.54741124861967,126.98393110845993,ITAEWON,HAEBANGCHON_HUAM,ADDRESS:후암동,334,0.9,http://place.map.kakao.com/2084318640,이태원 루프탑 카페,2026-09-08T22:18:43,,,HAEBANGCHON_HUAM,OUT_OF_TARGET_REGION
KAKAO,1645884004,카페무니,음식점 > 카페,02-565-1592,서울 용산구 후암동 406-58,서울 용산구 신흥로20길 37,37.5471923059041,126.983931155458,ITAEWON,HAEBANGCHON_HUAM,ADDRESS:후암동,310,0.9,http://place.map.kakao.com/1645884004,이태원 루프탑 카페,2026-09-08T22:18:43,,,HAEBANGCHON_HUAM,OUT_OF_TARGET_REGION
KAKAO,510788595,마우카,음식점 > 카페,,서울 용산구 후암동 406-57,서울 용산구 신흥로20길 39,37.54727881285463,126.98401261281353,ITAEWON,HAEBANGCHON_HUAM,ADDRESS:후암동,322,0.9,http://place.map.kakao.com/510788595,이태원 루프탑 카페,2026-09-08T22:18:43,,,HAEBANGCHON_HUAM,OUT_OF_TARGET_REGION
KAKAO,591970180,테이크 블랭크,음식점 > 카페,,서울 용산구 한남동 641-10,서울 용산구 대사관로30길 6-11,37.5327727741546,127.005322062678,ITAEWON,HANNAM,ADDRESS:한남동,467,0.9,http://place.map.kakao.com/591970180,이태원 루프탑 카페,2026-09-08T22:18:43,,,HANNAM,OUT_OF_TARGET_REGION
KAKAO,69739819,클럽하우스서울,음식점 > 카페,010-4045-4717,서울 용산구 한남동 66-4,서울 용산구 한남대로20길 7,37.5347233293476,127.007399489033,ITAEWON,HANNAM,ADDRESS:한남동,609,0.9,http://place.map.kakao.com/69739819,이태원 루프탑 카페,2026-09-08T22:18:43,,,HANNAM,OUT_OF_TARGET_REGION
KAKAO,737205089,오드시티,음식점 > 카페,0502-5554-4452,서울 용산구 후암동 406-114,서울 용산구 두텁바위로40길 28-14,37.5474977264161,126.983798691131,ITAEWON,HAEBANGCHON_HUAM,ADDRESS:후암동,341,0.9,http://place.map.kakao.com/737205089,이태원 루프탑 카페,2026-09-08T22:18:43,,,HAEBANGCHON_HUAM,OUT_OF_TARGET_REGION
KAKAO,1932939730,해방공원(HB01),음식점 > 카페,02-6956-0157,서울 용산구 용산동2가 1-475,서울 용산구 신흥로 95-7,37.545397671294964,126.9851174382277,ITAEWON,HAEBANGCHON_HUAM,ADDRESS:용산동2가,212,0.95,http://place.map.kakao.com/1932939730,이태원 루프탑 카페,2026-09-08T22:18:43,,,HAEBANGCHON_HUAM,OUT_OF_TARGET_REGION
KAKAO,853407271,컴포즈커피 홍대동교점,음식점 > 카페 > 커피전문점 > 컴포즈커피,02-336-3133,서울 마포구 동교동 206-14,서울 마포구 월드컵북로 12,37.556210956512786,126.92065109149203,HAPJEONG_MANGWON,,NO_REGION_MATCH,1211,0.0,http://place.map.kakao.com/853407271,합정 루프탑 카페,2026-09-08T22:18:43,,,,NO_REGION_MATCH
KAKAO,27601004,골든크레마,음식점 > 카페,,서울 마포구 동교동 164-13,서울 마포구 어울마당로 121,37.5555767555293,126.923535425431,HAPJEONG_MANGWON,,NO_REGION_MATCH,1459,0.0,http://place.map.kakao.com/27601004,합정 루프탑 카페,2026-09-08T22:18:43,,,,NO_REGION_MATCH
KAKAO,2021049848,발코니가든,음식점 > 카페,02-332-1371,서울 마포구 동교동 170-38,서울 마포구 어울마당로 155-1,37.5569196950329,126.927101346878,HAPJEONG_MANGWON,,NO_REGION_MATCH,1785,0.0,http://place.map.kakao.com/2021049848,합정 루프탑 카페,2026-09-08T22:18:43,,,,NO_REGION_MATCH
KAKAO,987265580,카페 드 래빗,음식점 > 카페,02-332-7988,서울 마포구 연남동 259,서울 마포구 동교로29길 10,37.5611073200352,126.923914592108,HAPJEONG_MANGWON,,NO_REGION_MATCH,1638,0.0,http://place.map.kakao.com/987265580,합정 루프탑 카페,2026-09-08T22:18:43,,,,NO_REGION_MATCH
KAKAO,128022235,CVL랩,음식점 > 카페,02-6953-7302,서울 마포구 연남동 373-7,서울 마포구 동교로 227-13,37.56087272001019,126.92338740470342,HAPJEONG_MANGWON,,NO_REGION_MATCH,1585,0.0,http://place.map.kakao.com/128022235,합정 루프탑 카페,2026-09-08T22:18:43,,,,NO_REGION_MATCH
KAKAO,1455452713,무심,음식점 > 카페,0502-5550-5676,서울 마포구 연남동 383-72,서울 마포구 연희로1길 55,37.5613277479243,126.926256108249,HAPJEONG_MANGWON,,NO_REGION_MATCH,1837,0.0,http://place.map.kakao.com/1455452713,합정 루프탑 카페,2026-09-08T22:18:43,,,,NO_REGION_MATCH
KAKAO,1201420394,커비스컵케이크,음식점 > 카페 > 테마카페 > 디저트카페,0507-1414-7963,서울 마포구 연남동 390-34,서울 마포구 동교로38길 29,37.5615913706696,126.925667298752,HAPJEONG_MANGWON,,NO_REGION_MATCH,1801,0.0,http://place.map.kakao.com/1201420394,합정 루프탑 카페,2026-09-08T22:18:43,,,,NO_REGION_MATCH
KAKAO,2045958342,센트럴사이트 연남점,음식점 > 카페,02-335-7779,서울 마포구 동교동 117-3,서울 마포구 연희로 29-1,37.561549752765,126.926834252341,HAPJEONG_MANGWON,,NO_REGION_MATCH,1894,0.0,http://place.map.kakao.com/2045958342,합정 루프탑 카페,2026-09-08T22:18:43,,,,NO_REGION_MATCH
KAKAO,1269050664,동동 찻집,음식점 > 카페 > 전통찻집,0503-7151-8009,서울 마포구 연남동 390-65,서울 마포구 동교로38안길 11,37.5623881561013,126.924725949482,HAPJEONG_MANGWON,,NO_REGION_MATCH,1765,0.0,http://place.map.kakao.com/1269050664,합정 루프탑 카페,2026-09-08T22:18:43,,,,NO_REGION_MATCH
KAKAO,67926579,헤이쥬드,음식점 > 카페 > 커피전문점,010-6566-4796,서울 마포구 동교동 189-2,서울 마포구 와우산로37길 7,37.5558765648485,126.930461366924,HAPJEONG_MANGWON,,NO_REGION_MATCH,2070,0.0,http://place.map.kakao.com/67926579,합정 루프탑 카페,2026-09-08T22:18:43,,,,NO_REGION_MATCH
KAKAO,2097191611,청23,음식점 > 카페,02-324-2023,서울 마포구 동교동 113-85,서울 마포구 연희로 23,37.5609359924527,126.926541712092,HAPJEONG_MANGWON,,NO_REGION_MATCH,1845,0.0,http://place.map.kakao.com/2097191611,합정 루프탑 카페,2026-09-08T22:18:43,,,,NO_REGION_MATCH
KAKAO,262767594,서당개2년로스터스,음식점 > 카페,02-332-7133,서울 마포구 연남동 454-13,서울 마포구 동교로51길 129-6,37.5662710734055,126.920042780043,HAPJEONG_MANGWON,,NO_REGION_MATCH,1701,0.0,http://place.map.kakao.com/262767594,합정 루프탑 카페,2026-09-08T22:18:43,,,,NO_REGION_MATCH
KAKAO,2030992601,목수의딸카페,음식점 > 카페,02-323-7868,서울 마포구 동교동 188-1,서울 마포구 와우산로38길 2,37.5555668664509,126.930878133251,HAPJEONG_MANGWON,,NO_REGION_MATCH,2106,0.0,http://place.map.kakao.com/2030992601,합정 루프탑 카페,2026-09-08T22:18:43,,,,NO_REGION_MATCH
KAKAO,939403724,퍼스트커피랩 홍대점,음식점 > 카페,,서울 마포구 동교동 179-10,서울 마포구 신촌로4길 5-25,37.55726191891583,126.92981950294029,HAPJEONG_MANGWON,,NO_REGION_MATCH,2027,0.0,http://place.map.kakao.com/939403724,합정 루프탑 카페,2026-09-08T22:18:43,,,,NO_REGION_MATCH
KAKAO,18826661,독수리다방,음식점 > 카페 > 다방,02-363-1222,서울 서대문구 창천동 31-4,서울 서대문구 연세로 36,37.558781568940425,126.93723126168338,HAPJEONG_MANGWON,,NO_REGION_MATCH,2698,0.0,http://place.map.kakao.com/18826661,합정 루프탑 카페,2026-09-08T22:18:43,,,,NO_REGION_MATCH
KAKAO,1909729939,오버딥,음식점 > 카페 > 테마카페 > 디저트카페,02-6380-0061,서울 마포구 연남동 240-41,서울 마포구 성미산로 149-8,37.5646494008622,126.922933051953,HAPJEONG_MANGWON,,NO_REGION_MATCH,1767,0.0,http://place.map.kakao.com/1909729939,합정 루프탑 카페,2026-09-08T22:18:43,,,,NO_REGION_MATCH
KAKAO,1201558520,메리트리,음식점 > 카페 > 테마카페 > 디저트카페,,서울 마포구 연남동 241-18,서울 마포구 성미산로29안길 17,37.565282025063006,126.92312482019241,HAPJEONG_MANGWON,,NO_REGION_MATCH,1824,0.0,http://place.map.kakao.com/1201558520,합정 루프탑 카페,2026-09-08T22:18:43,,,,NO_REGION_MATCH
KAKAO,1518304694,연베이크샵,음식점 > 카페,,서울 마포구 연남동 239-4,서울 마포구 성미산로 172,37.564096474919,126.924772900806,HAPJEONG_MANGWON,,NO_REGION_MATCH,1865,0.0,http://place.map.kakao.com/1518304694,합정 루프탑 카페,2026-09-08T22:18:43,,,,NO_REGION_MATCH
KAKAO,171951605,포레스트검프,음식점 > 카페,010-5422-5637,서울 서대문구 연희동 192-6,서울 서대문구 연희맛로 7-17,37.5662627607664,126.92813358823,HAPJEONG_MANGWON,,NO_REGION_MATCH,2245,0.0,http://place.map.kakao.com/171951605,합정 루프탑 카페,2026-09-08T22:18:43,,,,NO_REGION_MATCH
KAKAO,2000966974,허그허그러브,음식점 > 카페 > 커피전문점,0503-7152-8428,서울 마포구 연남동 453-9,서울 마포구 동교로51길 111,37.566300449817,126.920850923446,HAPJEONG_MANGWON,,NO_REGION_MATCH,1752,0.0,http://place.map.kakao.com/2000966974,합정 루프탑 카페,2026-09-08T22:18:43,,,,NO_REGION_MATCH
KAKAO,193971778,카페바람,음식점 > 카페,02-330-4394,서울 서대문구 창천동 4-113,서울 서대문구 연세로2나길 57,37.55794769037941,126.93981579490435,HAPJEONG_MANGWON,,NO_REGION_MATCH,2911,0.0,http://place.map.kakao.com/193971778,합정 루프탑 카페,2026-09-08T22:18:43,,,,NO_REGION_MATCH
KAKAO,1770013018,썸이프,음식점 > 카페,0507-1383-6909,서울 마포구 대흥동 245-13,서울 마포구 백범로16안길 3,37.5467233663599,126.9422385261,HAPJEONG_MANGWON,,NO_REGION_MATCH,3059,0.0,http://place.map.kakao.com/1770013018,합정 루프탑 카페,2026-09-08T22:18:43,,,,NO_REGION_MATCH
KAKAO,631341688,카페비유,음식점 > 카페,,서울 영등포구 영등포동8가 1,서울 영등포구 국회대로53길 1,37.52569126032546,126.90689081879887,HAPJEONG_MANGWON,,NO_REGION_MATCH,1609,0.0,http://place.map.kakao.com/631341688,합정 루프탑 카페,2026-09-08T22:18:43,,,,NO_REGION_MATCH
KAKAO,930505287,바나프레소 신촌점,음식점 > 카페 > 바나프레소,070-8998-8981,서울 서대문구 창천동 13-29,서울 서대문구 명물길 14,37.5575294173655,126.93767370034,HAPJEONG_MANGWON,,NO_REGION_MATCH,2718,0.0,http://place.map.kakao.com/930505287,합정 루프탑 카페,2026-09-08T22:18:43,,,,NO_REGION_MATCH
KAKAO,1245067143,그린마일커피 북촌점,음식점 > 카페,02-744-2404,서울 종로구 가회동 11-49,서울 종로구 북촌로 64,37.582385388268,126.985236878217,JONGNO_EULJIRO,BUKCHON_SEOCHON,ADDRESS:가회동,741,0.9,http://place.map.kakao.com/1245067143,종로 루프탑 카페,2026-09-08T22:18:44,,,BUKCHON_SEOCHON,OUT_OF_TARGET_REGION
KAKAO,1105770594,플랫커피,음식점 > 카페,,서울 종로구 통의동 61-1,서울 종로구 자하문로 14-1,37.57748168271781,126.97241945206056,JONGNO_EULJIRO,BUKCHON_SEOCHON,ADDRESS:통의동,520,0.9,http://place.map.kakao.com/1105770594,종로 루프탑 카페,2026-09-08T22:18:44,,,BUKCHON_SEOCHON,OUT_OF_TARGET_REGION
KAKAO,449373815,헤이븐,음식점 > 카페 > 테마카페 > 디저트카페,02-733-1531,서울 종로구 창성동 153-1,서울 종로구 자하문로 52-1,37.5807538531795,126.971411793473,JONGNO_EULJIRO,BUKCHON_SEOCHON,ADDRESS:창성동,612,0.9,http://place.map.kakao.com/449373815,종로 루프탑 카페,2026-09-08T22:18:44,,,BUKCHON_SEOCHON,OUT_OF_TARGET_REGION
KAKAO,1361315797,피엔에이 서촌,음식점 > 카페,0503-7153-6627,서울 종로구 통의동 7-17,서울 종로구 효자로7길 9,37.5788468937799,126.973311033549,JONGNO_EULJIRO,BUKCHON_SEOCHON,ADDRESS:통의동,414,0.9,http://place.map.kakao.com/1361315797,종로 루프탑 카페,2026-09-08T22:18:44,,,BUKCHON_SEOCHON,OUT_OF_TARGET_REGION
KAKAO,8113742,파툼,음식점 > 카페,02-739-9888,서울 종로구 삼청동 63-15,서울 종로구 삼청로 86-5,37.583210275679,126.982175371656,JONGNO_EULJIRO,BUKCHON_SEOCHON,ADDRESS:삼청동,595,0.9,http://place.map.kakao.com/8113742,종로 루프탑 카페,2026-09-08T22:18:44,,,BUKCHON_SEOCHON,OUT_OF_TARGET_REGION
KAKAO,844782189,동양차문화관,음식점 > 카페 > 전통찻집,,서울 종로구 삼청동 35-91,서울 종로구 북촌로11길 76,37.5838628003638,126.983592684909,JONGNO_EULJIRO,BUKCHON_SEOCHON,ADDRESS:삼청동,732,0.9,http://place.map.kakao.com/844782189,종로 루프탑 카페,2026-09-08T22:18:44,,,BUKCHON_SEOCHON,OUT_OF_TARGET_REGION
KAKAO,1252870487,슈퍼샤이 스튜디오&카페,음식점 > 카페 > 테마카페 > 디저트카페,0502-5550-9611,서울 종로구 삼청동 27-28,서울 종로구 북촌로 137-17,37.586971967156096,126.98247790716187,JONGNO_EULJIRO,BUKCHON_SEOCHON,ADDRESS:삼청동,970,0.9,http://place.map.kakao.com/1252870487,종로 루프탑 카페,2026-09-08T22:18:44,,,BUKCHON_SEOCHON,OUT_OF_TARGET_REGION
KAKAO,821854809,소요재,음식점 > 카페,,서울 성북구 동소문동4가 41,서울 성북구 동소문로 37,37.59035967769294,127.00996956710931,JONGNO_EULJIRO,,NO_REGION_MATCH,2922,0.0,http://place.map.kakao.com/821854809,종로 루프탑 카페,2026-09-08T22:18:44,,,,NO_REGION_MATCH
KAKAO,1178899525,카페구월,음식점 > 카페,070-8875-2624,서울 성북구 동선동2가 72,서울 성북구 보문로30길 43,37.58955317349163,127.01954546218683,JONGNO_EULJIRO,,NO_REGION_MATCH,3460,0.0,http://place.map.kakao.com/1178899525,종로 루프탑 카페,2026-09-08T22:18:44,,,,NO_REGION_MATCH
KAKAO,2128655244,로이터,음식점 > 카페,,서울 중구 필동3가 62-11,서울 중구 필동로 53,37.55673490043307,126.99594832404023,JONGNO_EULJIRO,,NO_REGION_MATCH,1597,0.0,http://place.map.kakao.com/2128655244,을지로 루프탑 카페,2026-09-08T22:18:44,,,,NO_REGION_MATCH
KAKAO,662216597,향월재카페,음식점 > 카페,,서울 중구 신당동 826-40,서울 중구 동호로17길 83,37.555000394597045,127.00605021163163,JONGNO_EULJIRO,,NO_REGION_MATCH,2245,0.0,http://place.map.kakao.com/662216597,을지로 루프탑 카페,2026-09-08T22:18:44,,,,NO_REGION_MATCH
KAKAO,1930398749,카페 라,음식점 > 카페,0507-1321-0705,서울 중구 장충동2가 202,서울 중구 동호로 249,37.5575086580251,127.00796536040313,JONGNO_EULJIRO,,NO_REGION_MATCH,2173,0.0,http://place.map.kakao.com/1930398749,을지로 루프탑 카페,2026-09-08T22:18:44,,,,NO_REGION_MATCH
KAKAO,1472402809,카페 라 루프탑 신라면세점 서울점,음식점 > 카페,,서울 중구 장충동2가 202,서울 중구 동호로 249,37.5571942267145,127.007712944452,JONGNO_EULJIRO,,NO_REGION_MATCH,2179,0.0,http://place.map.kakao.com/1472402809,을지로 루프탑 카페,2026-09-08T22:18:44,,,,NO_REGION_MATCH
KAKAO,1746130456,아트몬,음식점 > 카페,010-9893-2393,서울 중구 남산동2가 49-14,서울 중구 퇴계로20나길 42,37.5573449187487,126.985201076369,JONGNO_EULJIRO,,NO_REGION_MATCH,1441,0.0,http://place.map.kakao.com/1746130456,을지로 루프탑 카페,2026-09-08T22:18:44,,,,NO_REGION_MATCH
KAKAO,980469189,사유의서재카페앤루프탑,음식점 > 카페,,서울 중구 남산동2가 13-1,서울 중구 퇴계로20길 13,37.5596785846541,126.985880825165,JONGNO_EULJIRO,,NO_REGION_MATCH,1180,0.0,http://place.map.kakao.com/980469189,을지로 루프탑 카페,2026-09-08T22:18:44,,,,NO_REGION_MATCH
KAKAO,515910614,맨들러커피,음식점 > 카페,0503-7151-4540,서울 송파구 삼전동 48-12,서울 송파구 백제고분로 208,37.50361843869517,127.0896617690706,GANGNAM,,NO_REGION_MATCH,4834,0.0,http://place.map.kakao.com/515910614,강남 루프탑 카페,2026-09-08T22:18:44,,,,NO_REGION_MATCH
KAKAO,764234734,카페고고스,음식점 > 카페,02-584-3335,서울 서초구 서초동 1438-1,서울 서초구 효령로 356,37.48646347721584,127.02322441623429,GANGNAM,,NO_REGION_MATCH,1875,0.0,http://place.map.kakao.com/764234734,강남 루프탑 카페,2026-09-08T22:18:44,,,,NO_REGION_MATCH
KAKAO,1128989913,성수동대림창고갤러리,음식점 > 카페 > 테마카페 > 갤러리카페,0507-1390-9669,서울 성동구 성수동2가 322-32,서울 성동구 성수이로 78,37.54171994709006,127.05624815815919,GANGNAM,SEONGSU,ADDRESS:성수동2가,661,0.95,http://place.map.kakao.com/1128989913,강남 루프탑 카페,2026-09-08T22:18:44,,,SEONGSU,OUT_OF_TARGET_REGION
KAKAO,145791269,어니언 성수,음식점 > 카페,070-4353-3238,서울 성동구 성수동2가 277-135,서울 성동구 아차산로9길 8,37.544782395189884,127.05820807890457,GANGNAM,SEONGSU,ADDRESS:성수동2가,724,0.95,http://place.map.kakao.com/145791269,강남 루프탑 카페,2026-09-08T22:18:44,,,SEONGSU,OUT_OF_TARGET_REGION
KAKAO,628602958,더레스트,음식점 > 카페,0507-1446-0423,서울 서초구 염곡동 216-1,서울 서초구 헌릉로 164,37.4572316512484,127.058219272217,GANGNAM,,NO_REGION_MATCH,5229,0.0,http://place.map.kakao.com/628602958,강남 루프탑 카페,2026-09-08T22:18:44,,,,NO_REGION_MATCH
KAKAO,1276610364,떨스티앤트,음식점 > 카페,0502-5550-0623,서울 송파구 송파동 18-11,서울 송파구 백제고분로41길 7-15,37.506397423693585,127.10765917965605,GANGNAM,,NO_REGION_MATCH,6443,0.0,http://place.map.kakao.com/1276610364,강남 루프탑 카페,2026-09-08T22:18:44,,,,NO_REGION_MATCH
KAKAO,1061644831,복자타로카페,음식점 > 카페,02-511-5909,서울 서초구 반포동 721-1,서울 서초구 강남대로89길 19,37.5092053283508,127.020817831472,GANGNAM,,NO_REGION_MATCH,1582,0.0,http://place.map.kakao.com/1061644831,강남 루프탑 카페,2026-09-08T22:18:44,,,,NO_REGION_MATCH
KAKAO,1249699069,더커피컴퍼니,음식점 > 카페,070-7756-3016,서울 서초구 반포동 45-2,서울 서초구 서초중앙로29길 16,37.4989189947806,127.010728657702,GANGNAM,,NO_REGION_MATCH,2148,0.0,http://place.map.kakao.com/1249699069,강남 루프탑 카페,2026-09-08T22:18:44,,,,NO_REGION_MATCH
KAKAO,1946951432,ddd 잠실,음식점 > 카페,02-424-1442,서울 송파구 송파동 42-6,서울 송파구 백제고분로45길 17-3,37.5095574218808,127.109429271167,GANGNAM,,NO_REGION_MATCH,6557,0.0,http://place.map.kakao.com/1946951432,강남 루프탑 카페,2026-09-08T22:18:44,,,,NO_REGION_MATCH
KAKAO,547570065,옹근달,음식점 > 카페,02-499-5012,서울 성동구 성수동2가 333-52,서울 성동구 성수이로7길 41-1,37.54271255358584,127.05299006599826,GANGNAM,SEONGSU,ADDRESS:성수동2가,366,0.95,http://place.map.kakao.com/547570065,강남 루프탑 카페,2026-09-08T22:18:44,,,SEONGSU,OUT_OF_TARGET_REGION
KAKAO,1667114620,카페플랜,음식점 > 카페,02-458-3555,서울 광진구 자양동 600-28,서울 광진구 자양번영로2길 7,37.530536848952686,127.0754275723086,GANGNAM,,NO_REGION_MATCH,2759,0.0,http://place.map.kakao.com/1667114620,강남 루프탑 카페,2026-09-08T22:18:44,,,,NO_REGION_MATCH
KAKAO,1758616703,토키노,음식점 > 카페,02-3409-1020,서울 성동구 성수동2가 315-28,서울 성동구 연무장5가길 22,37.5433026795717,127.055022747204,GANGNAM,SEONGSU,ADDRESS:성수동2가,481,0.95,http://place.map.kakao.com/1758616703,강남 루프탑 카페,2026-09-08T22:18:44,,,SEONGSU,OUT_OF_TARGET_REGION
KAKAO,536976342,러프러프,음식점 > 카페,010-3596-8204,서울 성동구 성수동2가 271-24,서울 성동구 연무장길 81,37.54169650410732,127.05814344586099,GANGNAM,SEONGSU,ADDRESS:성수동2가,806,0.95,http://place.map.kakao.com/536976342,강남 루프탑 카페,2026-09-08T22:18:45,,,SEONGSU,OUT_OF_TARGET_REGION
KAKAO,630809414,위드멍,음식점 > 카페 > 테마카페 > 애견카페,010-4299-0514,서울 송파구 석촌동 276,서울 송파구 가락로 98,37.5008442126489,127.107015635488,GANGNAM,,NO_REGION_MATCH,6353,0.0,http://place.map.kakao.com/630809414,강남 루프탑 카페,2026-09-08T22:18:45,,,,NO_REGION_MATCH
KAKAO,1901496827,포르르,음식점 > 카페,0502-5553-2638,서울 광진구 화양동 3-26,서울 광진구 능동로 137-1,37.5431980988527,127.071907632875,GANGNAM,,NO_REGION_MATCH,1942,0.0,http://place.map.kakao.com/1901496827,강남 루프탑 카페,2026-09-08T22:18:45,,,,NO_REGION_MATCH
KAKAO,1414498733,삼옥,음식점 > 카페,0507-1395-3530,서울 성동구 성수동2가 289-272,서울 성동구 아차산로7길 17-1,37.54672125092348,127.05463372568822,GANGNAM,SEONGSU,ADDRESS:성수동2가,451,0.95,http://place.map.kakao.com/1414498733,강남 루프탑 카페,2026-09-08T22:18:45,,,SEONGSU,OUT_OF_TARGET_REGION
KAKAO,1225156919,LOOOP 루프 베이커리 카페,음식점 > 카페 > 테마카페 > 디저트카페,070-7740-2020,서울 성동구 성수동2가 302-43,서울 성동구 연무장5길 9-13,37.5442084621098,127.052431000827,GANGNAM,SEONGSU,ADDRESS:성수동2가,232,0.95,http://place.map.kakao.com/1225156919,강남 루프탑 카페,2026-09-08T22:18:45,,,SEONGSU,OUT_OF_TARGET_REGION
KAKAO,1599571399,어라운드데이,음식점 > 카페,0502-5550-1282,서울 성동구 성수동1가 685-483,서울 성동구 서울숲2길 24-1,37.54686182777454,127.04126958888213,GANGNAM,SEONGSU,ADDRESS:성수동1가,797,0.95,http://place.map.kakao.com/1599571399,강남 루프탑 카페,2026-09-08T22:18:45,,,SEONGSU,OUT_OF_TARGET_REGION
KAKAO,2077704597,코지모리,음식점 > 카페,070-4776-3501,서울 서초구 방배동 906-5,서울 서초구 방배로16길 16-8,37.4845330549469,126.996849972771,GANGNAM,,NO_REGION_MATCH,3805,0.0,http://place.map.kakao.com/2077704597,강남 루프탑 카페,2026-09-08T22:18:45,,,,NO_REGION_MATCH
KAKAO,485950525,환원당,음식점 > 카페,070-8838-0230,서울 광진구 화양동 94-25,서울 광진구 능동로 166,37.545299156854966,127.0734882049305,GANGNAM,,NO_REGION_MATCH,2071,0.0,http://place.map.kakao.com/485950525,강남 루프탑 카페,2026-09-08T22:18:45,,,,NO_REGION_MATCH
KAKAO,801186197,미디엄스톤,음식점 > 카페 > 커피전문점,0507-1383-7181,서울 성동구 성수동1가 656-711,서울 성동구 왕십리로10길 18-1,37.5465319115248,127.04652228819,GANGNAM,SEONGSU,ADDRESS:성수동1가,351,0.95,http://place.map.kakao.com/801186197,강남 루프탑 카페,2026-09-08T22:18:45,,,SEONGSU,OUT_OF_TARGET_REGION
KAKAO,1784371946,비도커피,음식점 > 카페 > 테마카페 > 디저트카페,0503-7150-6244,서울 성동구 성수동1가 8-36,서울 성동구 왕십리로4길 24-7,37.5468237868867,127.046644682716,GANGNAM,SEONGSU,ADDRESS:성수동1가,359,0.95,http://place.map.kakao.com/1784371946,강남 루프탑 카페,2026-09-08T22:18:45,,,SEONGSU,OUT_OF_TARGET_REGION
KAKAO,1326702165,뉴앳던 성수,음식점 > 카페,070-4242-8111,서울 성동구 성수동1가 668-38,서울 성동구 왕십리로5길 9-20,37.5464715948163,127.044041788355,GANGNAM,SEONGSU,ADDRESS:성수동1가,550,0.95,http://place.map.kakao.com/1326702165,강남 루프탑 카페,2026-09-08T22:18:45,,,SEONGSU,OUT_OF_TARGET_REGION
KAKAO,26852037,폴바셋 한남커피스테이션로스트웍스,음식점 > 카페 > 커피전문점 > 폴바셋,02-792-8310,서울 용산구 한남동 257-13,서울 용산구 한남대로 48,37.533350151365,127.008195858679,GANGNAM,HANNAM,ADDRESS:한남동,691,0.9,http://place.map.kakao.com/26852037,강남 루프탑 카페,2026-09-08T22:18:45,,,HANNAM,OUT_OF_TARGET_REGION
KAKAO,107394253,그린홀,음식점 > 카페 > 테마카페 > 디저트카페,0502-5553-2643,서울 성동구 성수동1가 656-947,서울 성동구 왕십리로 136,37.54969246914925,127.04456424080348,GANGNAM,SEONGSU,ADDRESS:성수동1가,708,0.95,http://place.map.kakao.com/107394253,강남 루프탑 카페,2026-09-08T22:18:45,,,SEONGSU,OUT_OF_TARGET_REGION
KAKAO,1545128179,그린룸,음식점 > 카페 > 커피전문점,02-498-0729,서울 성동구 성수동1가 656-947,서울 성동구 왕십리로 136,37.5496933701539,127.04456424134,GANGNAM,SEONGSU,ADDRESS:성수동1가,709,0.95,http://place.map.kakao.com/1545128179,강남 루프탑 카페,2026-09-08T22:18:45,,,SEONGSU,OUT_OF_TARGET_REGION
KAKAO,623541475,폴인레미유 성수점,음식점 > 카페,0507-1447-3597,서울 성동구 성수동1가 656-1004,서울 성동구 왕십리로14길 34-8,37.5483190697108,127.047584863802,GANGNAM,SEONGSU,ADDRESS:성수동1가,426,0.95,http://place.map.kakao.com/623541475,강남 루프탑 카페,2026-09-08T22:18:45,,,SEONGSU,OUT_OF_TARGET_REGION
KAKAO,711864705,맥심플랜트,음식점 > 카페,070-4287-8557,서울 용산구 한남동 683-140,서울 용산구 이태원로 250,37.53698957357094,127.00099681148605,YONGSAN_SAMGAKJI,HANNAM,ADDRESS:한남동,280,0.9,http://place.map.kakao.com/711864705,용산 루프탑 카페,2026-09-08T22:18:45,,,HANNAM,OUT_OF_TARGET_REGION
KAKAO,1316697633,르몽블랑,음식점 > 카페 > 테마카페 > 디저트카페,070-8887-8200,서울 용산구 용산동2가 1-91,서울 용산구 신흥로 99-4,37.5448786623818,126.98485501628461,YONGSAN_SAMGAKJI,HAEBANGCHON_HUAM,ADDRESS:용산동2가,169,0.95,http://place.map.kakao.com/1316697633,용산 루프탑 카페,2026-09-08T22:18:45,,,HAEBANGCHON_HUAM,OUT_OF_TARGET_REGION
KAKAO,1698143190,오잇,음식점 > 카페 > 테마카페 > 디저트카페,0507-1418-2073,서울 용산구 용산동2가 1-471,서울 용산구 신흥로 95,37.54553552087409,126.98509138439792,YONGSAN_SAMGAKJI,HAEBANGCHON_HUAM,ADDRESS:용산동2가,217,0.95,http://place.map.kakao.com/1698143190,용산 루프탑 카페,2026-09-08T22:18:45,,,HAEBANGCHON_HUAM,OUT_OF_TARGET_REGION
KAKAO,1364425160,타자기,음식점 > 카페,010-4445-8918,서울 용산구 용산동2가 1-508,서울 용산구 신흥로 97-5,37.5452318575497,126.984882102732,YONGSAN_SAMGAKJI,HAEBANGCHON_HUAM,ADDRESS:용산동2가,185,0.95,http://place.map.kakao.com/1364425160,용산 루프탑 카페,2026-09-08T22:18:45,,,HAEBANGCHON_HUAM,OUT_OF_TARGET_REGION
KAKAO,27495682,오랑오랑,음식점 > 카페,02-3789-7007,서울 용산구 용산동2가 1-62,서울 용산구 소월로20길 26-14,37.54512916396182,126.98504167590829,YONGSAN_SAMGAKJI,HAEBANGCHON_HUAM,ADDRESS:용산동2가,193,0.95,http://place.map.kakao.com/27495682,용산 루프탑 카페,2026-09-08T22:18:45,,,HAEBANGCHON_HUAM,OUT_OF_TARGET_REGION
KAKAO,1886309015,콩카페 이태원점,음식점 > 카페 > 커피전문점 > 콩카페,070-7717-0333,서울 용산구 이태원동 34-54,서울 용산구 녹사평대로 168-8,37.53324004328261,126.98945989685845,YONGSAN_SAMGAKJI,ITAEWON,ADDRESS:이태원동,457,0.95,http://place.map.kakao.com/1886309015,용산 루프탑 카페,2026-09-08T22:18:45,,,ITAEWON,OUT_OF_TARGET_REGION
KAKAO,19615417,서울루덴스,음식점 > 카페,02-795-4151,서울 용산구 이태원동 5-12,서울 용산구 회나무로 69,37.5404177441095,126.994260999632,YONGSAN_SAMGAKJI,ITAEWON,ADDRESS:이태원동,636,0.95,http://place.map.kakao.com/19615417,용산 루프탑 카페,2026-09-08T22:18:45,,,ITAEWON,OUT_OF_TARGET_REGION
KAKAO,26852037,폴바셋 한남커피스테이션로스트웍스,음식점 > 카페 > 커피전문점 > 폴바셋,02-792-8310,서울 용산구 한남동 257-13,서울 용산구 한남대로 48,37.533350151365,127.008195858679,YONGSAN_SAMGAKJI,HANNAM,ADDRESS:한남동,691,0.9,http://place.map.kakao.com/26852037,용산 루프탑 카페,2026-09-08T22:18:45,,,HANNAM,OUT_OF_TARGET_REGION
KAKAO,1240018987,때가이르매 숙대점,음식점 > 카페 > 테마카페 > 디저트카페,070-4320-8495,서울 용산구 남영동 8-2,서울 용산구 두텁바위로 8,37.545074778148,126.97305036800032,YONGSAN_SAMGAKJI,HAEBANGCHON_HUAM,COORDINATE_FALLBACK,880,0.7,http://place.map.kakao.com/1240018987,용산 루프탑 카페,2026-09-08T22:18:45,,,HAEBANGCHON_HUAM,OUT_OF_TARGET_REGION
KAKAO,1245122800,카페남산아래,음식점 > 카페,,서울 용산구 용산동2가 1-528,서울 용산구 신흥로 94-1,37.545705791770494,126.98494990220203,YONGSAN_SAMGAKJI,HAEBANGCHON_HUAM,ADDRESS:용산동2가,218,0.95,http://place.map.kakao.com/1245122800,용산 루프탑 카페,2026-09-08T22:18:45,,,HAEBANGCHON_HUAM,OUT_OF_TARGET_REGION
KAKAO,469724609,쉘터 해방촌,음식점 > 카페,0503-7151-8980,서울 용산구 용산동2가 19-11,서울 용산구 신흥로11길 49-12,37.5446516920896,126.985504583588,YONGSAN_SAMGAKJI,HAEBANGCHON_HUAM,ADDRESS:용산동2가,221,0.95,http://place.map.kakao.com/469724609,용산 루프탑 카페,2026-09-08T22:18:45,,,HAEBANGCHON_HUAM,OUT_OF_TARGET_REGION
KAKAO,214831310,S.caf,음식점 > 카페,010-2238-7912,서울 용산구 용산동2가 14-3,서울 용산구 소월로26길 12,37.5454033064289,126.987062626089,YONGSAN_SAMGAKJI,HAEBANGCHON_HUAM,ADDRESS:용산동2가,372,0.95,http://place.map.kakao.com/214831310,용산 루프탑 카페,2026-09-08T22:18:45,,,HAEBANGCHON_HUAM,OUT_OF_TARGET_REGION
KAKAO,1978415596,빌라커피,음식점 > 카페,070-8161-8019,서울 용산구 용산동2가 1,서울 용산구 신흥로 101-9,37.5446966669096,126.984904842228,YONGSAN_SAMGAKJI,HAEBANGCHON_HUAM,ADDRESS:용산동2가,169,0.95,http://place.map.kakao.com/1978415596,용산 루프탑 카페,2026-09-08T22:18:45,,,HAEBANGCHON_HUAM,OUT_OF_TARGET_REGION
KAKAO,21555431,에브리씽벗더히어로,음식점 > 카페,02-792-7909,서울 용산구 이태원동 210-68,서울 용산구 회나무로 62,37.5400933449703,126.993505181508,YONGSAN_SAMGAKJI,ITAEWON,ADDRESS:이태원동,604,0.95,http://place.map.kakao.com/21555431,용산 루프탑 카페,2026-09-08T22:18:45,,,ITAEWON,OUT_OF_TARGET_REGION
KAKAO,803550065,리암스카페바,음식점 > 카페,,서울 용산구 용산동2가 5-1119,서울 용산구 소월로20길 64,37.5439451465453,126.984239636664,YONGSAN_SAMGAKJI,HAEBANGCHON_HUAM,ADDRESS:용산동2가,126,0.95,http://place.map.kakao.com/803550065,용산 루프탑 카페,2026-09-08T22:18:45,,,HAEBANGCHON_HUAM,OUT_OF_TARGET_REGION
KAKAO,2084318640,클리프 서울,음식점 > 카페,010-2603-8831,서울 용산구 후암동 406-56,서울 용산구 두텁바위로38길 29-17,37.54741124861967,126.98393110845993,YONGSAN_SAMGAKJI,HAEBANGCHON_HUAM,ADDRESS:후암동,334,0.9,http://place.map.kakao.com/2084318640,용산 루프탑 카페,2026-09-08T22:18:45,,,HAEBANGCHON_HUAM,OUT_OF_TARGET_REGION
KAKAO,478103433,웰니스카페사유,음식점 > 카페,02-518-8219,서울 용산구 용산동2가 5-84,서울 용산구 신흥로 11,37.5396296181237,126.986328152322,YONGSAN_SAMGAKJI,HAEBANGCHON_HUAM,ADDRESS:용산동2가,616,0.95,http://place.map.kakao.com/478103433,용산 루프탑 카페,2026-09-08T22:18:45,,,HAEBANGCHON_HUAM,OUT_OF_TARGET_REGION
KAKAO,2115286549,코제트,음식점 > 카페,02-2139-9011,서울 용산구 한남동 684-12,서울 용산구 대사관로5길 22,37.5352704672116,127.000579291447,YONGSAN_SAMGAKJI,HANNAM,ADDRESS:한남동,86,0.9,http://place.map.kakao.com/2115286549,용산 루프탑 카페,2026-09-08T22:18:45,,,HANNAM,OUT_OF_TARGET_REGION
KAKAO,1118850411,아스티에드빌라트카페,음식점 > 카페,,서울 용산구 한남동 744-29,서울 용산구 이태원로49길 13,37.5370481424417,126.999705821579,YONGSAN_SAMGAKJI,HANNAM,ADDRESS:한남동,292,0.9,http://place.map.kakao.com/1118850411,용산 루프탑 카페,2026-09-08T22:18:45,,,HANNAM,OUT_OF_TARGET_REGION
KAKAO,2053517065,아뜰리에남산,음식점 > 카페,0507-1485-0282,서울 용산구 용산동2가 34-20,서울 용산구 신흥로7길 51-5,37.5432785111853,126.985040914117,YONGSAN_SAMGAKJI,HAEBANGCHON_HUAM,ADDRESS:용산동2가,225,0.95,http://place.map.kakao.com/2053517065,용산 루프탑 카페,2026-09-08T22:18:45,,,HAEBANGCHON_HUAM,OUT_OF_TARGET_REGION
KAKAO,801893852,보난자커피 한남점,음식점 > 카페 > 커피전문점 > 보난자커피,,서울 용산구 한남동 682-12,서울 용산구 이태원로54길 13,37.5377238731259,127.002172414098,YONGSAN_SAMGAKJI,HANNAM,ADDRESS:한남동,388,0.9,http://place.map.kakao.com/801893852,용산 루프탑 카페,2026-09-08T22:18:45,,,HANNAM,OUT_OF_TARGET_REGION
KAKAO,1645884004,카페무니,음식점 > 카페,02-565-1592,서울 용산구 후암동 406-58,서울 용산구 신흥로20길 37,37.5471923059041,126.983931155458,YONGSAN_SAMGAKJI,HAEBANGCHON_HUAM,ADDRESS:후암동,310,0.9,http://place.map.kakao.com/1645884004,용산 루프탑 카페,2026-09-08T22:18:45,,,HAEBANGCHON_HUAM,OUT_OF_TARGET_REGION
KAKAO,879954064,꼮 남산,음식점 > 카페,010-4200-6813,서울 용산구 용산동2가 5-1119,서울 용산구 소월로20길 64,37.5439667740009,126.984265657991,YONGSAN_SAMGAKJI,HAEBANGCHON_HUAM,ADDRESS:용산동2가,126,0.95,http://place.map.kakao.com/879954064,용산 루프탑 카페,2026-09-08T22:18:45,,,HAEBANGCHON_HUAM,OUT_OF_TARGET_REGION
KAKAO,510788595,마우카,음식점 > 카페,,서울 용산구 후암동 406-57,서울 용산구 신흥로20길 39,37.54727881285463,126.98401261281353,YONGSAN_SAMGAKJI,HAEBANGCHON_HUAM,ADDRESS:후암동,322,0.9,http://place.map.kakao.com/510788595,용산 루프탑 카페,2026-09-08T22:18:45,,,HAEBANGCHON_HUAM,OUT_OF_TARGET_REGION
KAKAO,69739819,클럽하우스서울,음식점 > 카페,010-4045-4717,서울 용산구 한남동 66-4,서울 용산구 한남대로20길 7,37.5347233293476,127.007399489033,YONGSAN_SAMGAKJI,HANNAM,ADDRESS:한남동,609,0.9,http://place.map.kakao.com/69739819,용산 루프탑 카페,2026-09-08T22:18:45,,,HANNAM,OUT_OF_TARGET_REGION
KAKAO,591970180,테이크 블랭크,음식점 > 카페,,서울 용산구 한남동 641-10,서울 용산구 대사관로30길 6-11,37.5327727741546,127.005322062678,YONGSAN_SAMGAKJI,HANNAM,ADDRESS:한남동,467,0.9,http://place.map.kakao.com/591970180,용산 루프탑 카페,2026-09-08T22:18:45,,,HANNAM,OUT_OF_TARGET_REGION
KAKAO,764370388,드로우지,음식점 > 카페,,서울 용산구 이태원동 2-5,서울 용산구 회나무로 83,37.5409854293477,126.995541831055,YONGSAN_SAMGAKJI,ITAEWON,ADDRESS:이태원동,707,0.95,http://place.map.kakao.com/764370388,용산 루프탑 카페,2026-09-08T22:18:45,,,ITAEWON,OUT_OF_TARGET_REGION
KAKAO,737205089,오드시티,음식점 > 카페,0502-5554-4452,서울 용산구 후암동 406-114,서울 용산구 두텁바위로40길 28-14,37.5474977264161,126.983798691131,YONGSAN_SAMGAKJI,HAEBANGCHON_HUAM,ADDRESS:후암동,341,0.9,http://place.map.kakao.com/737205089,용산 루프탑 카페,2026-09-08T22:18:45,,,HAEBANGCHON_HUAM,OUT_OF_TARGET_REGION
KAKAO,1932939730,해방공원(HB01),음식점 > 카페,02-6956-0157,서울 용산구 용산동2가 1-475,서울 용산구 신흥로 95-7,37.545397671294964,126.9851174382277,YONGSAN_SAMGAKJI,HAEBANGCHON_HUAM,ADDRESS:용산동2가,212,0.95,http://place.map.kakao.com/1932939730,용산 루프탑 카페,2026-09-08T22:18:45,,,HAEBANGCHON_HUAM,OUT_OF_TARGET_REGION
KAKAO,19615417,서울루덴스,음식점 > 카페,02-795-4151,서울 용산구 이태원동 5-12,서울 용산구 회나무로 69,37.5404177441095,126.994260999632,HAEBANGCHON_HUAM,ITAEWON,ADDRESS:이태원동,636,0.95,http://place.map.kakao.com/19615417,해방촌 루프탑 카페,2026-09-08T22:18:46,,,ITAEWON,OUT_OF_TARGET_REGION
KAKAO,21555431,에브리씽벗더히어로,음식점 > 카페,02-792-7909,서울 용산구 이태원동 210-68,서울 용산구 회나무로 62,37.5400933449703,126.993505181508,HAEBANGCHON_HUAM,ITAEWON,ADDRESS:이태원동,604,0.95,http://place.map.kakao.com/21555431,해방촌 루프탑 카페,2026-09-08T22:18:46,,,ITAEWON,OUT_OF_TARGET_REGION
KAKAO,26911803,엔와이84.8,음식점 > 카페,02-790-9103,서울 용산구 남영동 84-8,서울 용산구 한강대로 268,37.5422060024068,126.973078557438,HAEBANGCHON_HUAM,YONGSAN_SAMGAKJI,COORDINATE_FALLBACK,824,0.7,http://place.map.kakao.com/26911803,해방촌 루프탑 카페,2026-09-08T22:18:46,,,YONGSAN_SAMGAKJI,OUT_OF_TARGET_REGION
KAKAO,1886309015,콩카페 이태원점,음식점 > 카페 > 커피전문점 > 콩카페,070-7717-0333,서울 용산구 이태원동 34-54,서울 용산구 녹사평대로 168-8,37.53324004328261,126.98945989685845,HAEBANGCHON_HUAM,ITAEWON,ADDRESS:이태원동,457,0.95,http://place.map.kakao.com/1886309015,해방촌 루프탑 카페,2026-09-08T22:18:46,,,ITAEWON,OUT_OF_TARGET_REGION
KAKAO,764370388,드로우지,음식점 > 카페,,서울 용산구 이태원동 2-5,서울 용산구 회나무로 83,37.5409854293477,126.995541831055,HAEBANGCHON_HUAM,ITAEWON,ADDRESS:이태원동,707,0.95,http://place.map.kakao.com/764370388,해방촌 루프탑 카페,2026-09-08T22:18:46,,,ITAEWON,OUT_OF_TARGET_REGION
KAKAO,1746130456,아트몬,음식점 > 카페,010-9893-2393,서울 중구 남산동2가 49-14,서울 중구 퇴계로20나길 42,37.5573449187487,126.985201076369,HAEBANGCHON_HUAM,,NO_REGION_MATCH,1441,0.0,http://place.map.kakao.com/1746130456,해방촌 루프탑 카페,2026-09-08T22:18:46,,,,NO_REGION_MATCH
KAKAO,1118850411,아스티에드빌라트카페,음식점 > 카페,,서울 용산구 한남동 744-29,서울 용산구 이태원로49길 13,37.5370481424417,126.999705821579,HAEBANGCHON_HUAM,HANNAM,ADDRESS:한남동,292,0.9,http://place.map.kakao.com/1118850411,해방촌 루프탑 카페,2026-09-08T22:18:46,,,HANNAM,OUT_OF_TARGET_REGION
KAKAO,711864705,맥심플랜트,음식점 > 카페,070-4287-8557,서울 용산구 한남동 683-140,서울 용산구 이태원로 250,37.53698957357094,127.00099681148605,HAEBANGCHON_HUAM,HANNAM,ADDRESS:한남동,280,0.9,http://place.map.kakao.com/711864705,해방촌 루프탑 카페,2026-09-08T22:18:46,,,HANNAM,OUT_OF_TARGET_REGION
KAKAO,859448387,카키바움,음식점 > 카페,02-790-6275,서울 용산구 한강로1가 225-1,서울 용산구 한강대로52길 29,37.531779547247,126.972738367243,HAEBANGCHON_HUAM,YONGSAN_SAMGAKJI,ADDRESS:한강로1가,343,0.95,http://place.map.kakao.com/859448387,해방촌 루프탑 카페,2026-09-08T22:18:46,,,YONGSAN_SAMGAKJI,OUT_OF_TARGET_REGION
KAKAO,285654982,인바이티드,음식점 > 카페,02-794-3332,서울 용산구 한강로1가 221-8,서울 용산구 한강대로52길 41,37.53144088107144,126.97322045443698,HAEBANGCHON_HUAM,YONGSAN_SAMGAKJI,ADDRESS:한강로1가,374,0.95,http://place.map.kakao.com/285654982,해방촌 루프탑 카페,2026-09-08T22:18:46,,,YONGSAN_SAMGAKJI,OUT_OF_TARGET_REGION
KAKAO,2128655244,로이터,음식점 > 카페,,서울 중구 필동3가 62-11,서울 중구 필동로 53,37.55673490043307,126.99594832404023,HAEBANGCHON_HUAM,,NO_REGION_MATCH,1597,0.0,http://place.map.kakao.com/2128655244,해방촌 루프탑 카페,2026-09-08T22:18:46,,,,NO_REGION_MATCH
KAKAO,26817378,컴컴베이커리카페,음식점 > 카페 > 테마카페 > 디저트카페,02-788-7365,서울 용산구 한강로2가 112-1,서울 용산구 한강대로44길 14,37.53081856304149,126.97058460505436,HAEBANGCHON_HUAM,YONGSAN_SAMGAKJI,ADDRESS:한강로2가,512,0.95,http://place.map.kakao.com/26817378,해방촌 루프탑 카페,2026-09-08T22:18:46,,,YONGSAN_SAMGAKJI,OUT_OF_TARGET_REGION
KAKAO,2115286549,코제트,음식점 > 카페,02-2139-9011,서울 용산구 한남동 684-12,서울 용산구 대사관로5길 22,37.5352704672116,127.000579291447,HAEBANGCHON_HUAM,HANNAM,ADDRESS:한남동,86,0.9,http://place.map.kakao.com/2115286549,해방촌 루프탑 카페,2026-09-08T22:18:46,,,HANNAM,OUT_OF_TARGET_REGION
KAKAO,801893852,보난자커피 한남점,음식점 > 카페 > 커피전문점 > 보난자커피,,서울 용산구 한남동 682-12,서울 용산구 이태원로54길 13,37.5377238731259,127.002172414098,HAEBANGCHON_HUAM,HANNAM,ADDRESS:한남동,388,0.9,http://place.map.kakao.com/801893852,해방촌 루프탑 카페,2026-09-08T22:18:46,,,HANNAM,OUT_OF_TARGET_REGION
KAKAO,1607376461,이스터서울,음식점 > 카페,010-4420-7692,서울 용산구 한강로2가 133,서울 용산구 한강대로 126-4,37.5307543653712,126.969688592871,HAEBANGCHON_HUAM,YONGSAN_SAMGAKJI,ADDRESS:한강로2가,562,0.95,http://place.map.kakao.com/1607376461,해방촌 루프탑 카페,2026-09-08T22:18:46,,,YONGSAN_SAMGAKJI,OUT_OF_TARGET_REGION
KAKAO,578126950,모닝사이드카페,음식점 > 카페,,서울 용산구 한강로2가 61,서울 용산구 한강대로40길 39-11,37.5307071482209,126.971854034322,HAEBANGCHON_HUAM,YONGSAN_SAMGAKJI,ADDRESS:한강로2가,478,0.95,http://place.map.kakao.com/578126950,해방촌 루프탑 카페,2026-09-08T22:18:46,,,YONGSAN_SAMGAKJI,OUT_OF_TARGET_REGION
KAKAO,1491457111,미오앤나나,음식점 > 카페 > 커피전문점,0503-7151-7541,서울 중구 남학동 18,서울 중구 퇴계로28길 8-5,37.56044944175061,126.99104625707058,HAEBANGCHON_HUAM,JONGNO_EULJIRO,COORDINATE_FALLBACK,1077,0.7,http://place.map.kakao.com/1491457111,해방촌 루프탑 카페,2026-09-08T22:18:46,,,JONGNO_EULJIRO,OUT_OF_TARGET_REGION
KAKAO,1185361619,파인즈,음식점 > 카페 > 커피전문점,02-318-4005,서울 중구 명동1가 1-3,서울 중구 명동길 73,37.56424847368204,126.98616858874772,HAEBANGCHON_HUAM,JONGNO_EULJIRO,COORDINATE_FALLBACK,687,0.7,http://place.map.kakao.com/1185361619,해방촌 루프탑 카페,2026-09-08T22:18:46,,,JONGNO_EULJIRO,OUT_OF_TARGET_REGION
KAKAO,685445756,도화아파트먼트 용산점,음식점 > 카페,070-7799-6985,서울 용산구 한강로2가 148-1,서울 용산구 한강대로38가길 31,37.53005284866531,126.97113926713664,HAEBANGCHON_HUAM,YONGSAN_SAMGAKJI,ADDRESS:한강로2가,567,0.95,http://place.map.kakao.com/685445756,해방촌 루프탑 카페,2026-09-08T22:18:46,,,YONGSAN_SAMGAKJI,OUT_OF_TARGET_REGION
KAKAO,1069892792,팀앤메리,음식점 > 카페,,서울 중구 필동1가 3-17,서울 중구 퇴계로27길 12-3,37.5617964880173,126.991819135497,HAEBANGCHON_HUAM,JONGNO_EULJIRO,COORDINATE_FALLBACK,945,0.7,http://place.map.kakao.com/1069892792,해방촌 루프탑 카페,2026-09-08T22:18:46,,,JONGNO_EULJIRO,OUT_OF_TARGET_REGION
KAKAO,662216597,향월재카페,음식점 > 카페,,서울 중구 신당동 826-40,서울 중구 동호로17길 83,37.555000394597045,127.00605021163163,HAEBANGCHON_HUAM,,NO_REGION_MATCH,2245,0.0,http://place.map.kakao.com/662216597,해방촌 루프탑 카페,2026-09-08T22:18:46,,,,NO_REGION_MATCH
KAKAO,1531032887,명동아지트,음식점 > 카페,02-778-6080,서울 중구 충무로2가 66-9,서울 중구 명동8가길 7,37.56176073034472,126.98540393220809,HAEBANGCHON_HUAM,JONGNO_EULJIRO,COORDINATE_FALLBACK,969,0.7,http://place.map.kakao.com/1531032887,해방촌 루프탑 카페,2026-09-08T22:18:46,,,JONGNO_EULJIRO,OUT_OF_TARGET_REGION
KAKAO,591970180,테이크 블랭크,음식점 > 카페,,서울 용산구 한남동 641-10,서울 용산구 대사관로30길 6-11,37.5327727741546,127.005322062678,HAEBANGCHON_HUAM,HANNAM,ADDRESS:한남동,467,0.9,http://place.map.kakao.com/591970180,해방촌 루프탑 카페,2026-09-08T22:18:46,,,HANNAM,OUT_OF_TARGET_REGION
KAKAO,1156799842,을지커피,음식점 > 카페,010-3275-1444,서울 중구 저동2가 83-5,서울 중구 마른내로 11-12,37.5652155601551,126.989214302638,HAEBANGCHON_HUAM,JONGNO_EULJIRO,COORDINATE_FALLBACK,532,0.7,http://place.map.kakao.com/1156799842,해방촌 루프탑 카페,2026-09-08T22:18:46,,,JONGNO_EULJIRO,OUT_OF_TARGET_REGION
KAKAO,980469189,사유의서재카페앤루프탑,음식점 > 카페,,서울 중구 남산동2가 13-1,서울 중구 퇴계로20길 13,37.5596785846541,126.985880825165,HAEBANGCHON_HUAM,,NO_REGION_MATCH,1180,0.0,http://place.map.kakao.com/980469189,해방촌 루프탑 카페,2026-09-08T22:18:46,,,,NO_REGION_MATCH
KAKAO,26911803,엔와이84.8,음식점 > 카페,02-790-9103,서울 용산구 남영동 84-8,서울 용산구 한강대로 268,37.5422060024068,126.973078557438,HAEBANGCHON_HUAM,YONGSAN_SAMGAKJI,COORDINATE_FALLBACK,824,0.7,http://place.map.kakao.com/26911803,후암동 루프탑 카페,2026-09-08T22:18:46,,,YONGSAN_SAMGAKJI,OUT_OF_TARGET_REGION
KAKAO,1746130456,아트몬,음식점 > 카페,010-9893-2393,서울 중구 남산동2가 49-14,서울 중구 퇴계로20나길 42,37.5573449187487,126.985201076369,HAEBANGCHON_HUAM,,NO_REGION_MATCH,1441,0.0,http://place.map.kakao.com/1746130456,후암동 루프탑 카페,2026-09-08T22:18:46,,,,NO_REGION_MATCH
KAKAO,1531032887,명동아지트,음식점 > 카페,02-778-6080,서울 중구 충무로2가 66-9,서울 중구 명동8가길 7,37.56176073034472,126.98540393220809,HAEBANGCHON_HUAM,JONGNO_EULJIRO,COORDINATE_FALLBACK,969,0.7,http://place.map.kakao.com/1531032887,후암동 루프탑 카페,2026-09-08T22:18:46,,,JONGNO_EULJIRO,OUT_OF_TARGET_REGION
KAKAO,19615417,서울루덴스,음식점 > 카페,02-795-4151,서울 용산구 이태원동 5-12,서울 용산구 회나무로 69,37.5404177441095,126.994260999632,HAEBANGCHON_HUAM,ITAEWON,ADDRESS:이태원동,636,0.95,http://place.map.kakao.com/19615417,후암동 루프탑 카페,2026-09-08T22:18:46,,,ITAEWON,OUT_OF_TARGET_REGION
KAKAO,21555431,에브리씽벗더히어로,음식점 > 카페,02-792-7909,서울 용산구 이태원동 210-68,서울 용산구 회나무로 62,37.5400933449703,126.993505181508,HAEBANGCHON_HUAM,ITAEWON,ADDRESS:이태원동,604,0.95,http://place.map.kakao.com/21555431,후암동 루프탑 카페,2026-09-08T22:18:46,,,ITAEWON,OUT_OF_TARGET_REGION
KAKAO,711864705,맥심플랜트,음식점 > 카페,070-4287-8557,서울 용산구 한남동 683-140,서울 용산구 이태원로 250,37.53698957357094,127.00099681148605,HAEBANGCHON_HUAM,HANNAM,ADDRESS:한남동,280,0.9,http://place.map.kakao.com/711864705,후암동 루프탑 카페,2026-09-08T22:18:46,,,HANNAM,OUT_OF_TARGET_REGION
KAKAO,859448387,카키바움,음식점 > 카페,02-790-6275,서울 용산구 한강로1가 225-1,서울 용산구 한강대로52길 29,37.531779547247,126.972738367243,HAEBANGCHON_HUAM,YONGSAN_SAMGAKJI,ADDRESS:한강로1가,343,0.95,http://place.map.kakao.com/859448387,후암동 루프탑 카페,2026-09-08T22:18:46,,,YONGSAN_SAMGAKJI,OUT_OF_TARGET_REGION
KAKAO,1886309015,콩카페 이태원점,음식점 > 카페 > 커피전문점 > 콩카페,070-7717-0333,서울 용산구 이태원동 34-54,서울 용산구 녹사평대로 168-8,37.53324004328261,126.98945989685845,HAEBANGCHON_HUAM,ITAEWON,ADDRESS:이태원동,457,0.95,http://place.map.kakao.com/1886309015,후암동 루프탑 카페,2026-09-08T22:18:46,,,ITAEWON,OUT_OF_TARGET_REGION
KAKAO,1491457111,미오앤나나,음식점 > 카페 > 커피전문점,0503-7151-7541,서울 중구 남학동 18,서울 중구 퇴계로28길 8-5,37.56044944175061,126.99104625707058,HAEBANGCHON_HUAM,JONGNO_EULJIRO,COORDINATE_FALLBACK,1077,0.7,http://place.map.kakao.com/1491457111,후암동 루프탑 카페,2026-09-08T22:18:46,,,JONGNO_EULJIRO,OUT_OF_TARGET_REGION
KAKAO,1185361619,파인즈,음식점 > 카페 > 커피전문점,02-318-4005,서울 중구 명동1가 1-3,서울 중구 명동길 73,37.56424847368204,126.98616858874772,HAEBANGCHON_HUAM,JONGNO_EULJIRO,COORDINATE_FALLBACK,687,0.7,http://place.map.kakao.com/1185361619,후암동 루프탑 카페,2026-09-08T22:18:46,,,JONGNO_EULJIRO,OUT_OF_TARGET_REGION
KAKAO,285654982,인바이티드,음식점 > 카페,02-794-3332,서울 용산구 한강로1가 221-8,서울 용산구 한강대로52길 41,37.53144088107144,126.97322045443698,HAEBANGCHON_HUAM,YONGSAN_SAMGAKJI,ADDRESS:한강로1가,374,0.95,http://place.map.kakao.com/285654982,후암동 루프탑 카페,2026-09-08T22:18:46,,,YONGSAN_SAMGAKJI,OUT_OF_TARGET_REGION
KAKAO,26817378,컴컴베이커리카페,음식점 > 카페 > 테마카페 > 디저트카페,02-788-7365,서울 용산구 한강로2가 112-1,서울 용산구 한강대로44길 14,37.53081856304149,126.97058460505436,HAEBANGCHON_HUAM,YONGSAN_SAMGAKJI,ADDRESS:한강로2가,512,0.95,http://place.map.kakao.com/26817378,후암동 루프탑 카페,2026-09-08T22:18:46,,,YONGSAN_SAMGAKJI,OUT_OF_TARGET_REGION
KAKAO,2128655244,로이터,음식점 > 카페,,서울 중구 필동3가 62-11,서울 중구 필동로 53,37.55673490043307,126.99594832404023,HAEBANGCHON_HUAM,,NO_REGION_MATCH,1597,0.0,http://place.map.kakao.com/2128655244,후암동 루프탑 카페,2026-09-08T22:18:46,,,,NO_REGION_MATCH
KAKAO,1607376461,이스터서울,음식점 > 카페,010-4420-7692,서울 용산구 한강로2가 133,서울 용산구 한강대로 126-4,37.5307543653712,126.969688592871,HAEBANGCHON_HUAM,YONGSAN_SAMGAKJI,ADDRESS:한강로2가,562,0.95,http://place.map.kakao.com/1607376461,후암동 루프탑 카페,2026-09-08T22:18:46,,,YONGSAN_SAMGAKJI,OUT_OF_TARGET_REGION
KAKAO,578126950,모닝사이드카페,음식점 > 카페,,서울 용산구 한강로2가 61,서울 용산구 한강대로40길 39-11,37.5307071482209,126.971854034322,HAEBANGCHON_HUAM,YONGSAN_SAMGAKJI,ADDRESS:한강로2가,478,0.95,http://place.map.kakao.com/578126950,후암동 루프탑 카페,2026-09-08T22:18:46,,,YONGSAN_SAMGAKJI,OUT_OF_TARGET_REGION
KAKAO,1069892792,팀앤메리,음식점 > 카페,,서울 중구 필동1가 3-17,서울 중구 퇴계로27길 12-3,37.5617964880173,126.991819135497,HAEBANGCHON_HUAM,JONGNO_EULJIRO,COORDINATE_FALLBACK,945,0.7,http://place.map.kakao.com/1069892792,후암동 루프탑 카페,2026-09-08T22:18:46,,,JONGNO_EULJIRO,OUT_OF_TARGET_REGION
KAKAO,685445756,도화아파트먼트 용산점,음식점 > 카페,070-7799-6985,서울 용산구 한강로2가 148-1,서울 용산구 한강대로38가길 31,37.53005284866531,126.97113926713664,HAEBANGCHON_HUAM,YONGSAN_SAMGAKJI,ADDRESS:한강로2가,567,0.95,http://place.map.kakao.com/685445756,후암동 루프탑 카페,2026-09-08T22:18:46,,,YONGSAN_SAMGAKJI,OUT_OF_TARGET_REGION
KAKAO,764370388,드로우지,음식점 > 카페,,서울 용산구 이태원동 2-5,서울 용산구 회나무로 83,37.5409854293477,126.995541831055,HAEBANGCHON_HUAM,ITAEWON,ADDRESS:이태원동,707,0.95,http://place.map.kakao.com/764370388,후암동 루프탑 카페,2026-09-08T22:18:46,,,ITAEWON,OUT_OF_TARGET_REGION
KAKAO,1118850411,아스티에드빌라트카페,음식점 > 카페,,서울 용산구 한남동 744-29,서울 용산구 이태원로49길 13,37.5370481424417,126.999705821579,HAEBANGCHON_HUAM,HANNAM,ADDRESS:한남동,292,0.9,http://place.map.kakao.com/1118850411,후암동 루프탑 카페,2026-09-08T22:18:46,,,HANNAM,OUT_OF_TARGET_REGION
KAKAO,2115286549,코제트,음식점 > 카페,02-2139-9011,서울 용산구 한남동 684-12,서울 용산구 대사관로5길 22,37.5352704672116,127.000579291447,HAEBANGCHON_HUAM,HANNAM,ADDRESS:한남동,86,0.9,http://place.map.kakao.com/2115286549,후암동 루프탑 카페,2026-09-08T22:18:46,,,HANNAM,OUT_OF_TARGET_REGION
KAKAO,801893852,보난자커피 한남점,음식점 > 카페 > 커피전문점 > 보난자커피,,서울 용산구 한남동 682-12,서울 용산구 이태원로54길 13,37.5377238731259,127.002172414098,HAEBANGCHON_HUAM,HANNAM,ADDRESS:한남동,388,0.9,http://place.map.kakao.com/801893852,후암동 루프탑 카페,2026-09-08T22:18:46,,,HANNAM,OUT_OF_TARGET_REGION
KAKAO,1156799842,을지커피,음식점 > 카페,010-3275-1444,서울 중구 저동2가 83-5,서울 중구 마른내로 11-12,37.5652155601551,126.989214302638,HAEBANGCHON_HUAM,JONGNO_EULJIRO,COORDINATE_FALLBACK,532,0.7,http://place.map.kakao.com/1156799842,후암동 루프탑 카페,2026-09-08T22:18:46,,,JONGNO_EULJIRO,OUT_OF_TARGET_REGION
KAKAO,662216597,향월재카페,음식점 > 카페,,서울 중구 신당동 826-40,서울 중구 동호로17길 83,37.555000394597045,127.00605021163163,HAEBANGCHON_HUAM,,NO_REGION_MATCH,2245,0.0,http://place.map.kakao.com/662216597,후암동 루프탑 카페,2026-09-08T22:18:46,,,,NO_REGION_MATCH
KAKAO,591970180,테이크 블랭크,음식점 > 카페,,서울 용산구 한남동 641-10,서울 용산구 대사관로30길 6-11,37.5327727741546,127.005322062678,HAEBANGCHON_HUAM,HANNAM,ADDRESS:한남동,467,0.9,http://place.map.kakao.com/591970180,후암동 루프탑 카페,2026-09-08T22:18:46,,,HANNAM,OUT_OF_TARGET_REGION
KAKAO,980469189,사유의서재카페앤루프탑,음식점 > 카페,,서울 중구 남산동2가 13-1,서울 중구 퇴계로20길 13,37.5596785846541,126.985880825165,HAEBANGCHON_HUAM,,NO_REGION_MATCH,1180,0.0,http://place.map.kakao.com/980469189,후암동 루프탑 카페,2026-09-08T22:18:46,,,,NO_REGION_MATCH
KAKAO,367830691,상국,음식점 > 카페,010-8956-5102,서울 종로구 원서동 134-10,서울 종로구 창덕궁길 47-7,37.5795656775501,126.988882792278,BUKCHON_SEOCHON,JONGNO_EULJIRO,ADDRESS:종로구,1064,0.9,http://place.map.kakao.com/367830691,북촌 루프탑 카페,2026-09-08T22:18:46,,,JONGNO_EULJIRO,OUT_OF_TARGET_REGION
KAKAO,388079892,카페진선,음식점 > 카페,,서울 종로구 팔판동 150,서울 종로구 삼청로 59,37.5813827907419,126.980468561274,BUKCHON_SEOCHON,JONGNO_EULJIRO,ADDRESS:종로구,1472,0.9,http://place.map.kakao.com/388079892,북촌 루프탑 카페,2026-09-08T22:18:46,,,JONGNO_EULJIRO,OUT_OF_TARGET_REGION
KAKAO,871897654,트마리,음식점 > 카페,010-8189-1071,서울 종로구 권농동 182-7,서울 종로구 서순라길 107-1,37.574965423667,126.991577704968,BUKCHON_SEOCHON,JONGNO_EULJIRO,ADDRESS:종로구,597,0.9,http://place.map.kakao.com/871897654,북촌 루프탑 카페,2026-09-08T22:18:46,,,JONGNO_EULJIRO,OUT_OF_TARGET_REGION
KAKAO,1443952279,소진담 안녕인사동점,음식점 > 카페 > 테마카페 > 디저트카페,02-6952-4344,서울 종로구 관훈동 155-2,서울 종로구 인사동길 49,37.574467229154536,126.98355172967167,BUKCHON_SEOCHON,JONGNO_EULJIRO,ADDRESS:종로구,691,0.9,http://place.map.kakao.com/1443952279,북촌 루프탑 카페,2026-09-08T22:18:46,,,JONGNO_EULJIRO,OUT_OF_TARGET_REGION
KAKAO,870916614,티퍼런스 서울,음식점 > 카페 > 테마카페 > 갤러리카페,02-745-1501,서울 종로구 묘동 141,서울 종로구 돈화문로 61,37.5739130138516,126.990930312073,BUKCHON_SEOCHON,JONGNO_EULJIRO,ADDRESS:종로구,467,0.9,http://place.map.kakao.com/870916614,북촌 루프탑 카페,2026-09-08T22:18:46,,,JONGNO_EULJIRO,OUT_OF_TARGET_REGION
KAKAO,1640534397,타이거타이거,음식점 > 카페,02-747-1986,서울 종로구 와룡동 172-2,서울 종로구 삼일대로30길 56,37.57433466995089,126.99080800284575,BUKCHON_SEOCHON,JONGNO_EULJIRO,ADDRESS:종로구,508,0.9,http://place.map.kakao.com/1640534397,북촌 루프탑 카페,2026-09-08T22:18:46,,,JONGNO_EULJIRO,OUT_OF_TARGET_REGION
KAKAO,1994892698,르프랑루프탑,음식점 > 카페,02-722-5655,서울 종로구 관훈동 21,서울 종로구 인사동길 34-1,37.5738584255132,126.985609861635,BUKCHON_SEOCHON,JONGNO_EULJIRO,ADDRESS:종로구,523,0.9,http://place.map.kakao.com/1994892698,북촌 루프탑 카페,2026-09-08T22:18:46,,,JONGNO_EULJIRO,OUT_OF_TARGET_REGION
KAKAO,1146410842,담쟁이집,음식점 > 카페,,서울 종로구 견지동 82,서울 종로구 인사동11길 20,37.5738662787198,126.983645818862,BUKCHON_SEOCHON,JONGNO_EULJIRO,ADDRESS:종로구,638,0.9,http://place.map.kakao.com/1146410842,북촌 루프탑 카페,2026-09-08T22:18:46,,,JONGNO_EULJIRO,OUT_OF_TARGET_REGION
KAKAO,1337001435,라르티스타,음식점 > 카페,02-3672-0060,서울 종로구 묘동 128-1,서울 종로구 돈화문로 60,37.57386078982401,126.99137972724151,BUKCHON_SEOCHON,JONGNO_EULJIRO,ADDRESS:종로구,478,0.9,http://place.map.kakao.com/1337001435,북촌 루프탑 카페,2026-09-08T22:18:46,,,JONGNO_EULJIRO,OUT_OF_TARGET_REGION
KAKAO,10405822,반쥴,음식점 > 카페 > 커피전문점,02-735-5437,서울 종로구 관철동 12-16,서울 종로구 삼일대로17길 23,37.5690615964593,126.986190337567,BUKCHON_SEOCHON,JONGNO_EULJIRO,ADDRESS:종로구,269,0.9,http://place.map.kakao.com/10405822,북촌 루프탑 카페,2026-09-08T22:18:46,,,JONGNO_EULJIRO,OUT_OF_TARGET_REGION
KAKAO,1822481162,카페랑솜,음식점 > 카페,02-742-2185,서울 종로구 명륜4가 83-1,서울 종로구 대학로11길 22,37.5823322510486,127.000430213367,BUKCHON_SEOCHON,JONGNO_EULJIRO,ADDRESS:종로구,1701,0.9,http://place.map.kakao.com/1822481162,북촌 루프탑 카페,2026-09-08T22:18:46,,,JONGNO_EULJIRO,OUT_OF_TARGET_REGION
KAKAO,600622971,카페뷰,음식점 > 카페,,서울 종로구 봉익동 40-1,서울 종로구 서순라길 27-5,37.5720084761953,126.993432227992,BUKCHON_SEOCHON,JONGNO_EULJIRO,ADDRESS:종로구,450,0.9,http://place.map.kakao.com/600622971,북촌 루프탑 카페,2026-09-08T22:18:46,,,JONGNO_EULJIRO,OUT_OF_TARGET_REGION
KAKAO,1710534106,두채,음식점 > 카페 > 테마카페 > 디저트카페,070-4633-3825,서울 종로구 연건동 269,서울 종로구 율곡로13가길 8,37.5763496510846,127.000393953351,BUKCHON_SEOCHON,JONGNO_EULJIRO,ADDRESS:종로구,1228,0.9,http://place.map.kakao.com/1710534106,북촌 루프탑 카페,2026-09-08T22:18:46,,,JONGNO_EULJIRO,OUT_OF_TARGET_REGION
KAKAO,533666375,스푼 경복궁점,음식점 > 카페 > 테마카페 > 디저트카페,02-743-0919,서울 종로구 적선동 80,서울 종로구 사직로 130,37.57536725609763,126.97332133173451,BUKCHON_SEOCHON,JONGNO_EULJIRO,ADDRESS:종로구,1505,0.9,http://place.map.kakao.com/533666375,북촌 루프탑 카페,2026-09-08T22:18:46,,,JONGNO_EULJIRO,OUT_OF_TARGET_REGION
KAKAO,2039117711,카페느티,음식점 > 카페,02-2261-3323,서울 중구 을지로2가 101-21,서울 중구 을지로 97,37.5663732932058,126.98871270452017,BUKCHON_SEOCHON,JONGNO_EULJIRO,ADDRESS:을지로,404,0.9,http://place.map.kakao.com/2039117711,북촌 루프탑 카페,2026-09-08T22:18:46,,,JONGNO_EULJIRO,OUT_OF_TARGET_REGION
KAKAO,557230756,바캉스커피,음식점 > 카페,070-8803-2326,서울 중구 다동 117,서울 중구 남대문로9길 12,37.5668986043999,126.981753662216,BUKCHON_SEOCHON,JONGNO_EULJIRO,COORDINATE_FALLBACK,726,0.7,http://place.map.kakao.com/557230756,북촌 루프탑 카페,2026-09-08T22:18:46,,,JONGNO_EULJIRO,OUT_OF_TARGET_REGION
KAKAO,2117692443,카페해화,음식점 > 카페,02-984-0320,서울 종로구 명륜4가 54-2,서울 종로구 대명1길 16-12,37.58297646216767,127.00003396450587,BUKCHON_SEOCHON,JONGNO_EULJIRO,ADDRESS:종로구,1740,0.9,http://place.map.kakao.com/2117692443,북촌 루프탑 카페,2026-09-08T22:18:46,,,JONGNO_EULJIRO,OUT_OF_TARGET_REGION
KAKAO,25977363,슬로스텝,음식점 > 카페 > 커피전문점,02-762-2229,서울 종로구 동숭동 1-76,서울 종로구 대학로8가길 89,37.58205289030275,127.00355490769638,BUKCHON_SEOCHON,JONGNO_EULJIRO,ADDRESS:종로구,1855,0.9,http://place.map.kakao.com/25977363,북촌 루프탑 카페,2026-09-08T22:18:46,,,JONGNO_EULJIRO,OUT_OF_TARGET_REGION
KAKAO,324146172,카페 카다로그,음식점 > 카페,010-2547-1868,서울 중구 을지로2가 101-2,서울 중구 을지로 105,37.566429232264,126.989552565663,BUKCHON_SEOCHON,JONGNO_EULJIRO,ADDRESS:을지로,400,0.9,http://place.map.kakao.com/324146172,북촌 루프탑 카페,2026-09-08T22:18:46,,,JONGNO_EULJIRO,OUT_OF_TARGET_REGION
KAKAO,1398571605,리제로 서울,음식점 > 카페,,서울 종로구 신문로2가 1-348,서울 종로구 경희궁3길 3-5,37.5729539965698,126.968095755928,BUKCHON_SEOCHON,JONGNO_EULJIRO,ADDRESS:종로구,1871,0.9,http://place.map.kakao.com/1398571605,북촌 루프탑 카페,2026-09-08T22:18:46,,,JONGNO_EULJIRO,OUT_OF_TARGET_REGION
KAKAO,1427828053,퍼블릭가든,음식점 > 카페,0507-1375-3402,서울 종로구 예지동 269-25,서울 종로구 청계천로 199,37.5696606647617,126.999690978029,BUKCHON_SEOCHON,JONGNO_EULJIRO,ADDRESS:종로구,943,0.9,http://place.map.kakao.com/1427828053,북촌 루프탑 카페,2026-09-08T22:18:46,,,JONGNO_EULJIRO,OUT_OF_TARGET_REGION
KAKAO,1003594221,심플리커피,음식점 > 카페,02-733-5123,서울 종로구 신문로2가 1-196,서울 종로구 경희궁1길 27,37.57218312090959,126.96951899211285,BUKCHON_SEOCHON,JONGNO_EULJIRO,ADDRESS:종로구,1734,0.9,http://place.map.kakao.com/1003594221,북촌 루프탑 카페,2026-09-08T22:18:46,,,JONGNO_EULJIRO,OUT_OF_TARGET_REGION
KAKAO,1185361619,파인즈,음식점 > 카페 > 커피전문점,02-318-4005,서울 중구 명동1가 1-3,서울 중구 명동길 73,37.56424847368204,126.98616858874772,BUKCHON_SEOCHON,JONGNO_EULJIRO,COORDINATE_FALLBACK,687,0.7,http://place.map.kakao.com/1185361619,북촌 루프탑 카페,2026-09-08T22:18:46,,,JONGNO_EULJIRO,OUT_OF_TARGET_REGION
KAKAO,27226023,카페트레블,음식점 > 카페,02-747-1056,서울 종로구 동숭동 129-215,서울 종로구 낙산3길 19-8,37.580003907709,127.006452999541,BUKCHON_SEOCHON,JONGNO_EULJIRO,ADDRESS:종로구,1898,0.9,http://place.map.kakao.com/27226023,북촌 루프탑 카페,2026-09-08T22:18:47,,,JONGNO_EULJIRO,OUT_OF_TARGET_REGION
KAKAO,1448715295,에이디디,음식점 > 카페 > 커피전문점,070-4209-7272,서울 중구 주교동 112,서울 중구 을지로27길 29,37.5681073445485,126.999001642057,BUKCHON_SEOCHON,JONGNO_EULJIRO,ADDRESS:을지로,906,0.9,http://place.map.kakao.com/1448715295,북촌 루프탑 카페,2026-09-08T22:18:47,,,JONGNO_EULJIRO,OUT_OF_TARGET_REGION
KAKAO,728338956,인터미션,음식점 > 카페,070-8028-4687,서울 종로구 동숭동 129-130,서울 종로구 낙산길 21,37.5805373336675,127.005723964641,BUKCHON_SEOCHON,JONGNO_EULJIRO,ADDRESS:종로구,1883,0.9,http://place.map.kakao.com/728338956,북촌 루프탑 카페,2026-09-08T22:18:47,,,JONGNO_EULJIRO,OUT_OF_TARGET_REGION
KAKAO,1156799842,을지커피,음식점 > 카페,010-3275-1444,서울 중구 저동2가 83-5,서울 중구 마른내로 11-12,37.5652155601551,126.989214302638,BUKCHON_SEOCHON,JONGNO_EULJIRO,COORDINATE_FALLBACK,532,0.7,http://place.map.kakao.com/1156799842,북촌 루프탑 카페,2026-09-08T22:18:47,,,JONGNO_EULJIRO,OUT_OF_TARGET_REGION
KAKAO,1398571605,리제로 서울,음식점 > 카페,,서울 종로구 신문로2가 1-348,서울 종로구 경희궁3길 3-5,37.5729539965698,126.968095755928,BUKCHON_SEOCHON,JONGNO_EULJIRO,ADDRESS:종로구,1871,0.9,http://place.map.kakao.com/1398571605,서촌 루프탑 카페,2026-09-08T22:18:47,,,JONGNO_EULJIRO,OUT_OF_TARGET_REGION
KAKAO,533666375,스푼 경복궁점,음식점 > 카페 > 테마카페 > 디저트카페,02-743-0919,서울 종로구 적선동 80,서울 종로구 사직로 130,37.57536725609763,126.97332133173451,BUKCHON_SEOCHON,JONGNO_EULJIRO,ADDRESS:종로구,1505,0.9,http://place.map.kakao.com/533666375,서촌 루프탑 카페,2026-09-08T22:18:47,,,JONGNO_EULJIRO,OUT_OF_TARGET_REGION
KAKAO,388079892,카페진선,음식점 > 카페,,서울 종로구 팔판동 150,서울 종로구 삼청로 59,37.5813827907419,126.980468561274,BUKCHON_SEOCHON,JONGNO_EULJIRO,ADDRESS:종로구,1472,0.9,http://place.map.kakao.com/388079892,서촌 루프탑 카페,2026-09-08T22:18:47,,,JONGNO_EULJIRO,OUT_OF_TARGET_REGION
KAKAO,1003594221,심플리커피,음식점 > 카페,02-733-5123,서울 종로구 신문로2가 1-196,서울 종로구 경희궁1길 27,37.57218312090959,126.96951899211285,BUKCHON_SEOCHON,JONGNO_EULJIRO,ADDRESS:종로구,1734,0.9,http://place.map.kakao.com/1003594221,서촌 루프탑 카페,2026-09-08T22:18:47,,,JONGNO_EULJIRO,OUT_OF_TARGET_REGION
KAKAO,1443952279,소진담 안녕인사동점,음식점 > 카페 > 테마카페 > 디저트카페,02-6952-4344,서울 종로구 관훈동 155-2,서울 종로구 인사동길 49,37.574467229154536,126.98355172967167,BUKCHON_SEOCHON,JONGNO_EULJIRO,ADDRESS:종로구,691,0.9,http://place.map.kakao.com/1443952279,서촌 루프탑 카페,2026-09-08T22:18:47,,,JONGNO_EULJIRO,OUT_OF_TARGET_REGION
KAKAO,10405822,반쥴,음식점 > 카페 > 커피전문점,02-735-5437,서울 종로구 관철동 12-16,서울 종로구 삼일대로17길 23,37.5690615964593,126.986190337567,BUKCHON_SEOCHON,JONGNO_EULJIRO,ADDRESS:종로구,269,0.9,http://place.map.kakao.com/10405822,서촌 루프탑 카페,2026-09-08T22:18:47,,,JONGNO_EULJIRO,OUT_OF_TARGET_REGION
KAKAO,1146410842,담쟁이집,음식점 > 카페,,서울 종로구 견지동 82,서울 종로구 인사동11길 20,37.5738662787198,126.983645818862,BUKCHON_SEOCHON,JONGNO_EULJIRO,ADDRESS:종로구,638,0.9,http://place.map.kakao.com/1146410842,서촌 루프탑 카페,2026-09-08T22:18:47,,,JONGNO_EULJIRO,OUT_OF_TARGET_REGION
KAKAO,557230756,바캉스커피,음식점 > 카페,070-8803-2326,서울 중구 다동 117,서울 중구 남대문로9길 12,37.5668986043999,126.981753662216,BUKCHON_SEOCHON,JONGNO_EULJIRO,COORDINATE_FALLBACK,726,0.7,http://place.map.kakao.com/557230756,서촌 루프탑 카페,2026-09-08T22:18:47,,,JONGNO_EULJIRO,OUT_OF_TARGET_REGION
KAKAO,1994892698,르프랑루프탑,음식점 > 카페,02-722-5655,서울 종로구 관훈동 21,서울 종로구 인사동길 34-1,37.5738584255132,126.985609861635,BUKCHON_SEOCHON,JONGNO_EULJIRO,ADDRESS:종로구,523,0.9,http://place.map.kakao.com/1994892698,서촌 루프탑 카페,2026-09-08T22:18:47,,,JONGNO_EULJIRO,OUT_OF_TARGET_REGION
KAKAO,367830691,상국,음식점 > 카페,010-8956-5102,서울 종로구 원서동 134-10,서울 종로구 창덕궁길 47-7,37.5795656775501,126.988882792278,BUKCHON_SEOCHON,JONGNO_EULJIRO,ADDRESS:종로구,1064,0.9,http://place.map.kakao.com/367830691,서촌 루프탑 카페,2026-09-08T22:18:47,,,JONGNO_EULJIRO,OUT_OF_TARGET_REGION
KAKAO,871897654,트마리,음식점 > 카페,010-8189-1071,서울 종로구 권농동 182-7,서울 종로구 서순라길 107-1,37.574965423667,126.991577704968,BUKCHON_SEOCHON,JONGNO_EULJIRO,ADDRESS:종로구,597,0.9,http://place.map.kakao.com/871897654,서촌 루프탑 카페,2026-09-08T22:18:47,,,JONGNO_EULJIRO,OUT_OF_TARGET_REGION
KAKAO,870916614,티퍼런스 서울,음식점 > 카페 > 테마카페 > 갤러리카페,02-745-1501,서울 종로구 묘동 141,서울 종로구 돈화문로 61,37.5739130138516,126.990930312073,BUKCHON_SEOCHON,JONGNO_EULJIRO,ADDRESS:종로구,467,0.9,http://place.map.kakao.com/870916614,서촌 루프탑 카페,2026-09-08T22:18:47,,,JONGNO_EULJIRO,OUT_OF_TARGET_REGION
KAKAO,1640534397,타이거타이거,음식점 > 카페,02-747-1986,서울 종로구 와룡동 172-2,서울 종로구 삼일대로30길 56,37.57433466995089,126.99080800284575,BUKCHON_SEOCHON,JONGNO_EULJIRO,ADDRESS:종로구,508,0.9,http://place.map.kakao.com/1640534397,서촌 루프탑 카페,2026-09-08T22:18:47,,,JONGNO_EULJIRO,OUT_OF_TARGET_REGION
KAKAO,1337001435,라르티스타,음식점 > 카페,02-3672-0060,서울 종로구 묘동 128-1,서울 종로구 돈화문로 60,37.57386078982401,126.99137972724151,BUKCHON_SEOCHON,JONGNO_EULJIRO,ADDRESS:종로구,478,0.9,http://place.map.kakao.com/1337001435,서촌 루프탑 카페,2026-09-08T22:18:47,,,JONGNO_EULJIRO,OUT_OF_TARGET_REGION
KAKAO,1617745391,아리디,음식점 > 카페,070-7716-9259,서울 종로구 부암동 29-16,서울 종로구 백석동길 81,37.5944627543788,126.96901961059,BUKCHON_SEOCHON,JONGNO_EULJIRO,ADDRESS:종로구,3240,0.9,http://place.map.kakao.com/1617745391,서촌 루프탑 카페,2026-09-08T22:18:47,,,JONGNO_EULJIRO,OUT_OF_TARGET_REGION
KAKAO,600622971,카페뷰,음식점 > 카페,,서울 종로구 봉익동 40-1,서울 종로구 서순라길 27-5,37.5720084761953,126.993432227992,BUKCHON_SEOCHON,JONGNO_EULJIRO,ADDRESS:종로구,450,0.9,http://place.map.kakao.com/600622971,경복궁뷰 카페,2026-09-08T22:18:47,,,JONGNO_EULJIRO,OUT_OF_TARGET_REGION
KAKAO,305362170,아더뷰,음식점 > 카페,,서울 종로구 계동 140-45,서울 종로구 창덕궁1길 36,37.57943937091472,126.98722768578598,BUKCHON_SEOCHON,JONGNO_EULJIRO,ADDRESS:종로구,1061,0.9,http://place.map.kakao.com/305362170,경복궁뷰 카페,2026-09-08T22:18:47,,,JONGNO_EULJIRO,OUT_OF_TARGET_REGION
KAKAO,1772325714,카페르뷰,음식점 > 카페 > 커피전문점,,서울 중구 쌍림동 151-9,서울 중구 퇴계로 282,37.5631112823025,127.003191815626,BUKCHON_SEOCHON,,NO_REGION_MATCH,1467,0.0,http://place.map.kakao.com/1772325714,경복궁뷰 카페,2026-09-08T22:18:47,,,,NO_REGION_MATCH
