source,source_place_id,name,category,phone,address,road_address,latitude,longitude,region_code,source_url,search_query,collected_at,naver_mapx,naver_mapy
KAKAO,1599571399,어라운드데이,음식점 > 카페,0502-5550-1282,서울 성동구 성수동1가 685-483,서울 성동구 서울숲2길 24-1,37.54686182777454,127.04126958888213,SEONGSU,http://place.map.kakao.com/1599571399,성수 루프탑 카페,2026-09-08T21:15:24,,
KAKAO,107394253,그린홀,음식점 > 카페 > 테마카페 > 디저트카페,0502-5553-2643,서울 성동구 성수동1가 656-947,서울 성동구 왕십리로 136,37.54969246914925,127.04456424080348,SEONGSU,http://place.map.kakao.com/107394253,성수 루프탑 카페,2026-09-08T21:15:24,,
KAKAO,801186197,미디엄스톤,음식점 > 카페 > 커피전문점,0507-1383-7181,서울 성동구 성수동1가 656-711,서울 성동구 왕십리로10길 18-1,37.5465319115248,127.04652228819,SEONGSU,http://place.map.kakao.com/801186197,성수 루프탑 카페,2026-09-08T21:15:24,,
KAKAO,1784371946,비도커피,음식점 > 카페 > 테마카페 > 디저트카페,0503-7150-6244,서울 성동구 성수동1가 8-36,서울 성동구 왕십리로4길 24-7,37.5468237868867,127.046644682716,SEONGSU,http://place.map.kakao.com/1784371946,성수 루프탑 카페,2026-09-08T21:15:24,,
KAKAO,1545128179,그린룸,음식점 > 카페 > 커피전문점,02-498-0729,서울 성동구 성수동1가 656-947,서울 성동구 왕십리로 136,37.5496933701539,127.04456424134,SEONGSU,http://place.map.kakao.com/1545128179,성수 루프탑 카페,2026-09-08T21:15:24,,
KAKAO,1326702165,뉴앳던 성수,음식점 > 카페,070-4242-8111,서울 성동구 성수동1가 668-38,서울 성동구 왕십리로5길 9-20,37.5464715948163,127.044041788355,SEONGSU,http://place.map.kakao.com/1326702165,성수 루프탑 카페,2026-09-08T21:15:24,,
KAKAO,623541475,폴인레미유 성수점,음식점 > 카페,0507-1447-3597,서울 성동구 성수동1가 656-1004,서울 성동구 왕십리로14길 34-8,37.5483190697108,127.047584863802,SEONGSU,http://place.map.kakao.com/623541475,성수 루프탑 카페,2026-09-08T21:15:24,,
KAKAO,206623819,포레스트 성수,음식점 > 카페,,서울 성동구 성수동1가 668-5,서울 성동구 서울숲6길 13,37.5477081280765,127.043058009515,SEONGSU,http://place.map.kakao.com/206623819,성수 루프탑 카페,2026-09-08T21:15:24,,
KAKAO,547570065,옹근달,음식점 > 카페,02-499-5012,서울 성동구 성수동2가 333-52,서울 성동구 성수이로7길 41-1,37.54271255358584,127.05299006599826,SEONGSU,http://place.map.kakao.com/547570065,성수 루프탑 카페,2026-09-08T21:15:24,,
KAKAO,1128989913,성수동대림창고갤러리,음식점 > 카페 > 테마카페 > 갤러리카페,0507-1390-9669,서울 성동구 성수동2가 322-32,서울 성동구 성수이로 78,37.54171994709006,127.05624815815919,SEONGSU,http://place.map.kakao.com/1128989913,성수 루프탑 카페,2026-09-08T21:15:24,,
KAKAO,1225156919,LOOOP 루프 베이커리 카페,음식점 > 카페 > 테마카페 > 디저트카페,070-7740-2020,서울 성동구 성수동2가 302-43,서울 성동구 연무장5길 9-13,37.5442084621098,127.052431000827,SEONGSU,http://place.map.kakao.com/1225156919,성수 루프탑 카페,2026-09-08T21:15:24,,
KAKAO,534862116,뷰376카페,음식점 > 카페,,서울 강남구 압구정동 376-1,,37.531416532105254,127.04226573399961,SEONGSU,http://place.map.kakao.com/534862116,성수 루프탑 카페,2026-09-08T21:15:24,,
KAKAO,1758616703,토키노,음식점 > 카페,02-3409-1020,서울 성동구 성수동2가 315-28,서울 성동구 연무장5가길 22,37.5433026795717,127.055022747204,SEONGSU,http://place.map.kakao.com/1758616703,성수 루프탑 카페,2026-09-08T21:15:24,,
KAKAO,145791269,어니언 성수,음식점 > 카페,070-4353-3238,서울 성동구 성수동2가 277-135,서울 성동구 아차산로9길 8,37.544782395189884,127.05820807890457,SEONGSU,http://place.map.kakao.com/145791269,성수 루프탑 카페,2026-09-08T21:15:24,,
KAKAO,1414498733,삼옥,음식점 > 카페,0507-1395-3530,서울 성동구 성수동2가 289-272,서울 성동구 아차산로7길 17-1,37.54672125092348,127.05463372568822,SEONGSU,http://place.map.kakao.com/1414498733,성수 루프탑 카페,2026-09-08T21:15:24,,
KAKAO,536976342,러프러프,음식점 > 카페,010-3596-8204,서울 성동구 성수동2가 271-24,서울 성동구 연무장길 81,37.54169650410732,127.05814344586099,SEONGSU,http://place.map.kakao.com/536976342,성수 루프탑 카페,2026-09-08T21:15:24,,
KAKAO,1901496827,포르르,음식점 > 카페,0502-5553-2638,서울 광진구 화양동 3-26,서울 광진구 능동로 137-1,37.5431980988527,127.071907632875,SEONGSU,http://place.map.kakao.com/1901496827,성수 루프탑 카페,2026-09-08T21:15:24,,
KAKAO,1618335219,소확행,음식점 > 카페,,서울 성동구 옥수동 359,서울 성동구 한림말5길 17,37.542773739676676,127.01654653842128,SEONGSU,http://place.map.kakao.com/1618335219,성수 루프탑 카페,2026-09-08T21:15:24,,
KAKAO,1220194232,트레비커피로스터스,음식점 > 카페,010-4682-3024,서울 광진구 군자동 360-23,서울 광진구 군자로 63,37.5490247816054,127.070541686786,SEONGSU,http://place.map.kakao.com/1220194232,성수 루프탑 카페,2026-09-08T21:15:24,,
KAKAO,485950525,환원당,음식점 > 카페,070-8838-0230,서울 광진구 화양동 94-25,서울 광진구 능동로 166,37.545299156854966,127.0734882049305,SEONGSU,http://place.map.kakao.com/485950525,성수 루프탑 카페,2026-09-08T21:15:24,,
KAKAO,860157053,카페드씨밀레,음식점 > 카페 > 테마카페 > 디저트카페,02-2292-2223,서울 성동구 마장동 781-9,서울 성동구 마장로44길 8-18,37.5665426906751,127.04516286584,SEONGSU,http://place.map.kakao.com/860157053,성수 루프탑 카페,2026-09-08T21:15:24,,
KAKAO,899452242,클라스카 커피랩,음식점 > 카페,02-3409-7701,서울 성동구 성수동2가 273-13,서울 성동구 연무장15길 11,37.54271492900708,127.0593606432671,SEONGSU,http://place.map.kakao.com/899452242,성수 루프탑 카페,2026-09-08T21:15:24,,
KAKAO,23979203,빈플래토,음식점 > 카페,,서울 성동구 옥수동 356-2,서울 성동구 한림말5길 19,37.5429719758473,127.0164300331,SEONGSU,http://place.map.kakao.com/23979203,성수 루프탑 카페,2026-09-08T21:15:24,,
KAKAO,500100347,무프아파트먼트,음식점 > 카페,02-2298-0397,서울 성동구 하왕십리동 975-20,서울 성동구 무학봉길 82,37.5615204686845,127.031498701771,SEONGSU,http://place.map.kakao.com/500100347,성수 루프탑 카페,2026-09-08T21:15:24,,
KAKAO,1599571399,어라운드데이,음식점 > 카페,0502-5550-1282,서울 성동구 성수동1가 685-483,서울 성동구 서울숲2길 24-1,37.54686182777454,127.04126958888213,SEONGSU,http://place.map.kakao.com/1599571399,성수 옥상 카페,2026-09-08T21:15:24,,
KAKAO,107394253,그린홀,음식점 > 카페 > 테마카페 > 디저트카페,0502-5553-2643,서울 성동구 성수동1가 656-947,서울 성동구 왕십리로 136,37.54969246914925,127.04456424080348,SEONGSU,http://place.map.kakao.com/107394253,성수 옥상 카페,2026-09-08T21:15:24,,
KAKAO,801186197,미디엄스톤,음식점 > 카페 > 커피전문점,0507-1383-7181,서울 성동구 성수동1가 656-711,서울 성동구 왕십리로10길 18-1,37.5465319115248,127.04652228819,SEONGSU,http://place.map.kakao.com/801186197,성수 옥상 카페,2026-09-08T21:15:24,,
KAKAO,1784371946,비도커피,음식점 > 카페 > 테마카페 > 디저트카페,0503-7150-6244,서울 성동구 성수동1가 8-36,서울 성동구 왕십리로4길 24-7,37.5468237868867,127.046644682716,SEONGSU,http://place.map.kakao.com/1784371946,성수 옥상 카페,2026-09-08T21:15:24,,
KAKAO,1545128179,그린룸,음식점 > 카페 > 커피전문점,02-498-0729,서울 성동구 성수동1가 656-947,서울 성동구 왕십리로 136,37.5496933701539,127.04456424134,SEONGSU,http://place.map.kakao.com/1545128179,성수 옥상 카페,2026-09-08T21:15:24,,
KAKAO,1326702165,뉴앳던 성수,음식점 > 카페,070-4242-8111,서울 성동구 성수동1가 668-38,서울 성동구 왕십리로5길 9-20,37.5464715948163,127.044041788355,SEONGSU,http://place.map.kakao.com/1326702165,성수 옥상 카페,2026-09-08T21:15:24,,
KAKAO,623541475,폴인레미유 성수점,음식점 > 카페,0507-1447-3597,서울 성동구 성수동1가 656-1004,서울 성동구 왕십리로14길 34-8,37.5483190697108,127.047584863802,SEONGSU,http://place.map.kakao.com/623541475,성수 옥상 카페,2026-09-08T21:15:24,,
KAKAO,206623819,포레스트 성수,음식점 > 카페,,서울 성동구 성수동1가 668-5,서울 성동구 서울숲6길 13,37.5477081280765,127.043058009515,SEONGSU,http://place.map.kakao.com/206623819,성수 옥상 카페,2026-09-08T21:15:24,,
KAKAO,547570065,옹근달,음식점 > 카페,02-499-5012,서울 성동구 성수동2가 333-52,서울 성동구 성수이로7길 41-1,37.54271255358584,127.05299006599826,SEONGSU,http://place.map.kakao.com/547570065,성수 옥상 카페,2026-09-08T21:15:24,,
KAKAO,1128989913,성수동대림창고갤러리,음식점 > 카페 > 테마카페 > 갤러리카페,0507-1390-9669,서울 성동구 성수동2가 322-32,서울 성동구 성수이로 78,37.54171994709006,127.05624815815919,SEONGSU,http://place.map.kakao.com/1128989913,성수 옥상 카페,2026-09-08T21:15:24,,
KAKAO,1225156919,LOOOP 루프 베이커리 카페,음식점 > 카페 > 테마카페 > 디저트카페,070-7740-2020,서울 성동구 성수동2가 302-43,서울 성동구 연무장5길 9-13,37.5442084621098,127.052431000827,SEONGSU,http://place.map.kakao.com/1225156919,성수 옥상 카페,2026-09-08T21:15:24,,
KAKAO,534862116,뷰376카페,음식점 > 카페,,서울 강남구 압구정동 376-1,,37.531416532105254,127.04226573399961,SEONGSU,http://place.map.kakao.com/534862116,성수 옥상 카페,2026-09-08T21:15:24,,
KAKAO,1758616703,토키노,음식점 > 카페,02-3409-1020,서울 성동구 성수동2가 315-28,서울 성동구 연무장5가길 22,37.5433026795717,127.055022747204,SEONGSU,http://place.map.kakao.com/1758616703,성수 옥상 카페,2026-09-08T21:15:24,,
KAKAO,145791269,어니언 성수,음식점 > 카페,070-4353-3238,서울 성동구 성수동2가 277-135,서울 성동구 아차산로9길 8,37.544782395189884,127.05820807890457,SEONGSU,http://place.map.kakao.com/145791269,성수 옥상 카페,2026-09-08T21:15:24,,
KAKAO,1414498733,삼옥,음식점 > 카페,0507-1395-3530,서울 성동구 성수동2가 289-272,서울 성동구 아차산로7길 17-1,37.54672125092348,127.05463372568822,SEONGSU,http://place.map.kakao.com/1414498733,성수 옥상 카페,2026-09-08T21:15:24,,
KAKAO,536976342,러프러프,음식점 > 카페,010-3596-8204,서울 성동구 성수동2가 271-24,서울 성동구 연무장길 81,37.54169650410732,127.05814344586099,SEONGSU,http://place.map.kakao.com/536976342,성수 옥상 카페,2026-09-08T21:15:25,,
KAKAO,1901496827,포르르,음식점 > 카페,0502-5553-2638,서울 광진구 화양동 3-26,서울 광진구 능동로 137-1,37.5431980988527,127.071907632875,SEONGSU,http://place.map.kakao.com/1901496827,성수 옥상 카페,2026-09-08T21:15:25,,
KAKAO,1618335219,소확행,음식점 > 카페,,서울 성동구 옥수동 359,서울 성동구 한림말5길 17,37.542773739676676,127.01654653842128,SEONGSU,http://place.map.kakao.com/1618335219,성수 옥상 카페,2026-09-08T21:15:25,,
KAKAO,1220194232,트레비커피로스터스,음식점 > 카페,010-4682-3024,서울 광진구 군자동 360-23,서울 광진구 군자로 63,37.5490247816054,127.070541686786,SEONGSU,http://place.map.kakao.com/1220194232,성수 옥상 카페,2026-09-08T21:15:25,,
KAKAO,485950525,환원당,음식점 > 카페,070-8838-0230,서울 광진구 화양동 94-25,서울 광진구 능동로 166,37.545299156854966,127.0734882049305,SEONGSU,http://place.map.kakao.com/485950525,성수 옥상 카페,2026-09-08T21:15:25,,
KAKAO,860157053,카페드씨밀레,음식점 > 카페 > 테마카페 > 디저트카페,02-2292-2223,서울 성동구 마장동 781-9,서울 성동구 마장로44길 8-18,37.5665426906751,127.04516286584,SEONGSU,http://place.map.kakao.com/860157053,성수 옥상 카페,2026-09-08T21:15:25,,
KAKAO,711864705,맥심플랜트,음식점 > 카페,070-4287-8557,서울 용산구 한남동 683-140,서울 용산구 이태원로 250,37.53698957357094,127.00099681148605,HANNAM,http://place.map.kakao.com/711864705,한남 루프탑 카페,2026-09-08T21:15:25,,
KAKAO,26852037,폴바셋 한남커피스테이션로스트웍스,음식점 > 카페 > 커피전문점 > 폴바셋,02-792-8310,서울 용산구 한남동 257-13,서울 용산구 한남대로 48,37.533350151365,127.008195858679,HANNAM,http://place.map.kakao.com/26852037,한남 루프탑 카페,2026-09-08T21:15:25,,
KAKAO,2115286549,코제트,음식점 > 카페,02-2139-9011,서울 용산구 한남동 684-12,서울 용산구 대사관로5길 22,37.5352704672116,127.000579291447,HANNAM,http://place.map.kakao.com/2115286549,한남 루프탑 카페,2026-09-08T21:15:25,,
KAKAO,1118850411,아스티에드빌라트카페,음식점 > 카페,,서울 용산구 한남동 744-29,서울 용산구 이태원로49길 13,37.5370481424417,126.999705821579,HANNAM,http://place.map.kakao.com/1118850411,한남 루프탑 카페,2026-09-08T21:15:25,,
KAKAO,801893852,보난자커피 한남점,음식점 > 카페 > 커피전문점 > 보난자커피,,서울 용산구 한남동 682-12,서울 용산구 이태원로54길 13,37.5377238731259,127.002172414098,HANNAM,http://place.map.kakao.com/801893852,한남 루프탑 카페,2026-09-08T21:15:25,,
KAKAO,69739819,클럽하우스서울,음식점 > 카페,010-4045-4717,서울 용산구 한남동 66-4,서울 용산구 한남대로20길 7,37.5347233293476,127.007399489033,HANNAM,http://place.map.kakao.com/69739819,한남 루프탑 카페,2026-09-08T21:15:25,,
KAKAO,591970180,테이크 블랭크,음식점 > 카페,,서울 용산구 한남동 641-10,서울 용산구 대사관로30길 6-11,37.5327727741546,127.005322062678,HANNAM,http://place.map.kakao.com/591970180,한남 루프탑 카페,2026-09-08T21:15:25,,
KAKAO,19615417,서울루덴스,음식점 > 카페,02-795-4151,서울 용산구 이태원동 5-12,서울 용산구 회나무로 69,37.5404177441095,126.994260999632,HANNAM,http://place.map.kakao.com/19615417,한남 루프탑 카페,2026-09-08T21:15:25,,
KAKAO,1886309015,콩카페 이태원점,음식점 > 카페 > 커피전문점 > 콩카페,070-7717-0333,서울 용산구 이태원동 34-54,서울 용산구 녹사평대로 168-8,37.53324004328261,126.98945989685845,HANNAM,http://place.map.kakao.com/1886309015,한남 루프탑 카페,2026-09-08T21:15:25,,
KAKAO,21555431,에브리씽벗더히어로,음식점 > 카페,02-792-7909,서울 용산구 이태원동 210-68,서울 용산구 회나무로 62,37.5400933449703,126.993505181508,HANNAM,http://place.map.kakao.com/21555431,한남 루프탑 카페,2026-09-08T21:15:25,,
KAKAO,764370388,드로우지,음식점 > 카페,,서울 용산구 이태원동 2-5,서울 용산구 회나무로 83,37.5409854293477,126.995541831055,HANNAM,http://place.map.kakao.com/764370388,한남 루프탑 카페,2026-09-08T21:15:25,,
KAKAO,478103433,웰니스카페사유,음식점 > 카페,02-518-8219,서울 용산구 용산동2가 5-84,서울 용산구 신흥로 11,37.5396296181237,126.986328152322,HANNAM,http://place.map.kakao.com/478103433,한남 루프탑 카페,2026-09-08T21:15:25,,
KAKAO,1910390625,마하 한남,음식점 > 카페,070-8064-8409,서울 용산구 동빙고동 21-2,서울 용산구 서빙고로91나길 85,37.5244926232332,126.996088082789,HANNAM,http://place.map.kakao.com/1910390625,한남 한강뷰 카페,2026-09-08T21:15:25,,
KAKAO,1886309015,콩카페 이태원점,음식점 > 카페 > 커피전문점 > 콩카페,070-7717-0333,서울 용산구 이태원동 34-54,서울 용산구 녹사평대로 168-8,37.53324004328261,126.98945989685845,ITAEWON,http://place.map.kakao.com/1886309015,이태원 루프탑 카페,2026-09-08T21:15:25,,
KAKAO,19615417,서울루덴스,음식점 > 카페,02-795-4151,서울 용산구 이태원동 5-12,서울 용산구 회나무로 69,37.5404177441095,126.994260999632,ITAEWON,http://place.map.kakao.com/19615417,이태원 루프탑 카페,2026-09-08T21:15:25,,
KAKAO,21555431,에브리씽벗더히어로,음식점 > 카페,02-792-7909,서울 용산구 이태원동 210-68,서울 용산구 회나무로 62,37.5400933449703,126.993505181508,ITAEWON,http://place.map.kakao.com/21555431,이태원 루프탑 카페,2026-09-08T21:15:25,,
KAKAO,764370388,드로우지,음식점 > 카페,,서울 용산구 이태원동 2-5,서울 용산구 회나무로 83,37.5409854293477,126.995541831055,ITAEWON,http://place.map.kakao.com/764370388,이태원 루프탑 카페,2026-09-08T21:15:25,,
KAKAO,478103433,웰니스카페사유,음식점 > 카페,02-518-8219,서울 용산구 용산동2가 5-84,서울 용산구 신흥로 11,37.5396296181237,126.986328152322,ITAEWON,http://place.map.kakao.com/478103433,이태원 루프탑 카페,2026-09-08T21:15:25,,
KAKAO,1118850411,아스티에드빌라트카페,음식점 > 카페,,서울 용산구 한남동 744-29,서울 용산구 이태원로49길 13,37.5370481424417,126.999705821579,ITAEWON,http://place.map.kakao.com/1118850411,이태원 루프탑 카페,2026-09-08T21:15:25,,
KAKAO,2053517065,아뜰리에남산,음식점 > 카페,0507-1485-0282,서울 용산구 용산동2가 34-20,서울 용산구 신흥로7길 51-5,37.5432785111853,126.985040914117,ITAEWON,http://place.map.kakao.com/2053517065,이태원 루프탑 카페,2026-09-08T21:15:25,,
KAKAO,711864705,맥심플랜트,음식점 > 카페,070-4287-8557,서울 용산구 한남동 683-140,서울 용산구 이태원로 250,37.53698957357094,127.00099681148605,ITAEWON,http://place.map.kakao.com/711864705,이태원 루프탑 카페,2026-09-08T21:15:25,,
KAKAO,214831310,S.caf,음식점 > 카페,010-2238-7912,서울 용산구 용산동2가 14-3,서울 용산구 소월로26길 12,37.5454033064289,126.987062626089,ITAEWON,http://place.map.kakao.com/214831310,이태원 루프탑 카페,2026-09-08T21:15:25,,
KAKAO,1316697633,르몽블랑,음식점 > 카페 > 테마카페 > 디저트카페,070-8887-8200,서울 용산구 용산동2가 1-91,서울 용산구 신흥로 99-4,37.5448786623818,126.98485501628461,ITAEWON,http://place.map.kakao.com/1316697633,이태원 루프탑 카페,2026-09-08T21:15:25,,
KAKAO,469724609,쉘터 해방촌,음식점 > 카페,0503-7151-8980,서울 용산구 용산동2가 19-11,서울 용산구 신흥로11길 49-12,37.5446516920896,126.985504583588,ITAEWON,http://place.map.kakao.com/469724609,이태원 루프탑 카페,2026-09-08T21:15:25,,
KAKAO,1698143190,오잇,음식점 > 카페 > 테마카페 > 디저트카페,0507-1418-2073,서울 용산구 용산동2가 1-471,서울 용산구 신흥로 95,37.54553552087409,126.98509138439792,ITAEWON,http://place.map.kakao.com/1698143190,이태원 루프탑 카페,2026-09-08T21:15:25,,
KAKAO,1364425160,타자기,음식점 > 카페,010-4445-8918,서울 용산구 용산동2가 1-508,서울 용산구 신흥로 97-5,37.5452318575497,126.984882102732,ITAEWON,http://place.map.kakao.com/1364425160,이태원 루프탑 카페,2026-09-08T21:15:25,,
KAKAO,27495682,오랑오랑,음식점 > 카페,02-3789-7007,서울 용산구 용산동2가 1-62,서울 용산구 소월로20길 26-14,37.54512916396182,126.98504167590829,ITAEWON,http://place.map.kakao.com/27495682,이태원 루프탑 카페,2026-09-08T21:15:25,,
KAKAO,1978415596,빌라커피,음식점 > 카페,070-8161-8019,서울 용산구 용산동2가 1,서울 용산구 신흥로 101-9,37.5446966669096,126.984904842228,ITAEWON,http://place.map.kakao.com/1978415596,이태원 루프탑 카페,2026-09-08T21:15:25,,
KAKAO,803550065,리암스카페바,음식점 > 카페,,서울 용산구 용산동2가 5-1119,서울 용산구 소월로20길 64,37.5439451465453,126.984239636664,ITAEWON,http://place.map.kakao.com/803550065,이태원 루프탑 카페,2026-09-08T21:15:25,,
KAKAO,1245122800,카페남산아래,음식점 > 카페,,서울 용산구 용산동2가 1-528,서울 용산구 신흥로 94-1,37.545705791770494,126.98494990220203,ITAEWON,http://place.map.kakao.com/1245122800,이태원 루프탑 카페,2026-09-08T21:15:25,,
KAKAO,2115286549,코제트,음식점 > 카페,02-2139-9011,서울 용산구 한남동 684-12,서울 용산구 대사관로5길 22,37.5352704672116,127.000579291447,ITAEWON,http://place.map.kakao.com/2115286549,이태원 루프탑 카페,2026-09-08T21:15:25,,
KAKAO,879954064,꼮 남산,음식점 > 카페,010-4200-6813,서울 용산구 용산동2가 5-1119,서울 용산구 소월로20길 64,37.5439667740009,126.984265657991,ITAEWON,http://place.map.kakao.com/879954064,이태원 루프탑 카페,2026-09-08T21:15:25,,
KAKAO,801893852,보난자커피 한남점,음식점 > 카페 > 커피전문점 > 보난자커피,,서울 용산구 한남동 682-12,서울 용산구 이태원로54길 13,37.5377238731259,127.002172414098,ITAEWON,http://place.map.kakao.com/801893852,이태원 루프탑 카페,2026-09-08T21:15:25,,
KAKAO,2084318640,클리프 서울,음식점 > 카페,010-2603-8831,서울 용산구 후암동 406-56,서울 용산구 두텁바위로38길 29-17,37.54741124861967,126.98393110845993,ITAEWON,http://place.map.kakao.com/2084318640,이태원 루프탑 카페,2026-09-08T21:15:25,,
KAKAO,1645884004,카페무니,음식점 > 카페,02-565-1592,서울 용산구 후암동 406-58,서울 용산구 신흥로20길 37,37.5471923059041,126.983931155458,ITAEWON,http://place.map.kakao.com/1645884004,이태원 루프탑 카페,2026-09-08T21:15:25,,
KAKAO,510788595,마우카,음식점 > 카페,,서울 용산구 후암동 406-57,서울 용산구 신흥로20길 39,37.54727881285463,126.98401261281353,ITAEWON,http://place.map.kakao.com/510788595,이태원 루프탑 카페,2026-09-08T21:15:25,,
KAKAO,591970180,테이크 블랭크,음식점 > 카페,,서울 용산구 한남동 641-10,서울 용산구 대사관로30길 6-11,37.5327727741546,127.005322062678,ITAEWON,http://place.map.kakao.com/591970180,이태원 루프탑 카페,2026-09-08T21:15:25,,
KAKAO,69739819,클럽하우스서울,음식점 > 카페,010-4045-4717,서울 용산구 한남동 66-4,서울 용산구 한남대로20길 7,37.5347233293476,127.007399489033,ITAEWON,http://place.map.kakao.com/69739819,이태원 루프탑 카페,2026-09-08T21:15:25,,
KAKAO,737205089,오드시티,음식점 > 카페,0502-5554-4452,서울 용산구 후암동 406-114,서울 용산구 두텁바위로40길 28-14,37.5474977264161,126.983798691131,ITAEWON,http://place.map.kakao.com/737205089,이태원 루프탑 카페,2026-09-08T21:15:25,,
KAKAO,1932939730,해방공원(HB01),음식점 > 카페,02-6956-0157,서울 용산구 용산동2가 1-475,서울 용산구 신흥로 95-7,37.545397671294964,126.9851174382277,ITAEWON,http://place.map.kakao.com/1932939730,이태원 루프탑 카페,2026-09-08T21:15:25,,
KAKAO,760043078,블러,음식점 > 카페 > 테마카페 > 디저트카페,070-7807-9670,서울 마포구 합정동 198-26,서울 마포구 토정로 28-10,37.545044882994695,126.91420389220123,HAPJEONG_MANGWON,http://place.map.kakao.com/760043078,합정 루프탑 카페,2026-09-08T21:15:25,,
KAKAO,1068887729,머씨커피,음식점 > 카페 > 테마카페 > 디저트카페,02-332-1211,서울 마포구 서교동 394-51,서울 마포구 양화로8길 32-10,37.5495061275321,126.916013934974,HAPJEONG_MANGWON,http://place.map.kakao.com/1068887729,합정 루프탑 카페,2026-09-08T21:15:25,,
KAKAO,1657897511,브라운시티카페 상수점,음식점 > 카페,010-5555-2896,서울 마포구 서교동 403-10,서울 마포구 어울마당로 41,37.5489541451727,126.920391718911,HAPJEONG_MANGWON,http://place.map.kakao.com/1657897511,합정 루프탑 카페,2026-09-08T21:15:25,,
KAKAO,659749618,Uig,음식점 > 카페,02-336-1256,서울 마포구 망원동 420-4,서울 마포구 망원로3길 7,37.5570452277427,126.901446547304,HAPJEONG_MANGWON,http://place.map.kakao.com/659749618,합정 루프탑 카페,2026-09-08T21:15:25,,
KAKAO,853407271,컴포즈커피 홍대동교점,음식점 > 카페 > 커피전문점 > 컴포즈커피,02-336-3133,서울 마포구 동교동 206-14,서울 마포구 월드컵북로 12,37.556210956512786,126.92065109149203,HAPJEONG_MANGWON,http://place.map.kakao.com/853407271,합정 루프탑 카페,2026-09-08T21:15:25,,
KAKAO,261139718,빙츄르 홍대점,음식점 > 카페,,서울 마포구 서교동 346-53,서울 마포구 홍익로2길 13,37.5543803136449,126.923663400213,HAPJEONG_MANGWON,http://place.map.kakao.com/261139718,합정 루프탑 카페,2026-09-08T21:15:25,,
KAKAO,1436367933,핏크,음식점 > 카페 > 테마카페 > 디저트카페,,서울 마포구 성산동 208-13,서울 마포구 성미산로11길 13,37.561189563815475,126.91629962246787,HAPJEONG_MANGWON,http://place.map.kakao.com/1436367933,합정 루프탑 카페,2026-09-08T21:15:25,,
KAKAO,27601004,골든크레마,음식점 > 카페,,서울 마포구 동교동 164-13,서울 마포구 어울마당로 121,37.5555767555293,126.923535425431,HAPJEONG_MANGWON,http://place.map.kakao.com/27601004,합정 루프탑 카페,2026-09-08T21:15:25,,
KAKAO,2021049848,발코니가든,음식점 > 카페,02-332-1371,서울 마포구 동교동 170-38,서울 마포구 어울마당로 155-1,37.5569196950329,126.927101346878,HAPJEONG_MANGWON,http://place.map.kakao.com/2021049848,합정 루프탑 카페,2026-09-08T21:15:25,,
KAKAO,987265580,카페 드 래빗,음식점 > 카페,02-332-7988,서울 마포구 연남동 259,서울 마포구 동교로29길 10,37.5611073200352,126.923914592108,HAPJEONG_MANGWON,http://place.map.kakao.com/987265580,합정 루프탑 카페,2026-09-08T21:15:25,,
KAKAO,128022235,CVL랩,음식점 > 카페,02-6953-7302,서울 마포구 연남동 373-7,서울 마포구 동교로 227-13,37.56087272001019,126.92338740470342,HAPJEONG_MANGWON,http://place.map.kakao.com/128022235,합정 루프탑 카페,2026-09-08T21:15:25,,
KAKAO,1960387368,톤앤매너,음식점 > 카페,02-332-8252,서울 마포구 서교동 337-10,서울 마포구 와우산로29가길 13,37.5542717317149,126.928688328087,HAPJEONG_MANGWON,http://place.map.kakao.com/1960387368,합정 루프탑 카페,2026-09-08T21:15:25,,
KAKAO,1455452713,무심,음식점 > 카페,0502-5550-5676,서울 마포구 연남동 383-72,서울 마포구 연희로1길 55,37.5613277479243,126.926256108249,HAPJEONG_MANGWON,http://place.map.kakao.com/1455452713,합정 루프탑 카페,2026-09-08T21:15:25,,
KAKAO,1201420394,커비스컵케이크,음식점 > 카페 > 테마카페 > 디저트카페,0507-1414-7963,서울 마포구 연남동 390-34,서울 마포구 동교로38길 29,37.5615913706696,126.925667298752,HAPJEONG_MANGWON,http://place.map.kakao.com/1201420394,합정 루프탑 카페,2026-09-08T21:15:25,,
KAKAO,2045958342,센트럴사이트 연남점,음식점 > 카페,02-335-7779,서울 마포구 동교동 117-3,서울 마포구 연희로 29-1,37.561549752765,126.926834252341,HAPJEONG_MANGWON,http://place.map.kakao.com/2045958342,합정 루프탑 카페,2026-09-08T21:15:25,,
KAKAO,1269050664,동동 찻집,음식점 > 카페 > 전통찻집,0503-7151-8009,서울 마포구 연남동 390-65,서울 마포구 동교로38안길 11,37.5623881561013,126.924725949482,HAPJEONG_MANGWON,http://place.map.kakao.com/1269050664,합정 루프탑 카페,2026-09-08T21:15:26,,
KAKAO,67926579,헤이쥬드,음식점 > 카페 > 커피전문점,010-6566-4796,서울 마포구 동교동 189-2,서울 마포구 와우산로37길 7,37.5558765648485,126.930461366924,HAPJEONG_MANGWON,http://place.map.kakao.com/67926579,합정 루프탑 카페,2026-09-08T21:15:26,,
KAKAO,2097191611,청23,음식점 > 카페,02-324-2023,서울 마포구 동교동 113-85,서울 마포구 연희로 23,37.5609359924527,126.926541712092,HAPJEONG_MANGWON,http://place.map.kakao.com/2097191611,합정 루프탑 카페,2026-09-08T21:15:26,,
KAKAO,262767594,서당개2년로스터스,음식점 > 카페,02-332-7133,서울 마포구 연남동 454-13,서울 마포구 동교로51길 129-6,37.5662710734055,126.920042780043,HAPJEONG_MANGWON,http://place.map.kakao.com/262767594,합정 루프탑 카페,2026-09-08T21:15:26,,
KAKAO,2030992601,목수의딸카페,음식점 > 카페,02-323-7868,서울 마포구 동교동 188-1,서울 마포구 와우산로38길 2,37.5555668664509,126.930878133251,HAPJEONG_MANGWON,http://place.map.kakao.com/2030992601,합정 루프탑 카페,2026-09-08T21:15:26,,
KAKAO,939403724,퍼스트커피랩 홍대점,음식점 > 카페,,서울 마포구 동교동 179-10,서울 마포구 신촌로4길 5-25,37.55726191891583,126.92981950294029,HAPJEONG_MANGWON,http://place.map.kakao.com/939403724,합정 루프탑 카페,2026-09-08T21:15:26,,
KAKAO,18826661,독수리다방,음식점 > 카페 > 다방,02-363-1222,서울 서대문구 창천동 31-4,서울 서대문구 연세로 36,37.558781568940425,126.93723126168338,HAPJEONG_MANGWON,http://place.map.kakao.com/18826661,합정 루프탑 카페,2026-09-08T21:15:26,,
KAKAO,1909729939,오버딥,음식점 > 카페 > 테마카페 > 디저트카페,02-6380-0061,서울 마포구 연남동 240-41,서울 마포구 성미산로 149-8,37.5646494008622,126.922933051953,HAPJEONG_MANGWON,http://place.map.kakao.com/1909729939,합정 루프탑 카페,2026-09-08T21:15:26,,
KAKAO,1201558520,메리트리,음식점 > 카페 > 테마카페 > 디저트카페,,서울 마포구 연남동 241-18,서울 마포구 성미산로29안길 17,37.565282025063006,126.92312482019241,HAPJEONG_MANGWON,http://place.map.kakao.com/1201558520,합정 루프탑 카페,2026-09-08T21:15:26,,
KAKAO,1518304694,연베이크샵,음식점 > 카페,,서울 마포구 연남동 239-4,서울 마포구 성미산로 172,37.564096474919,126.924772900806,HAPJEONG_MANGWON,http://place.map.kakao.com/1518304694,합정 루프탑 카페,2026-09-08T21:15:26,,
KAKAO,171951605,포레스트검프,음식점 > 카페,010-5422-5637,서울 서대문구 연희동 192-6,서울 서대문구 연희맛로 7-17,37.5662627607664,126.92813358823,HAPJEONG_MANGWON,http://place.map.kakao.com/171951605,합정 루프탑 카페,2026-09-08T21:15:26,,
KAKAO,2000966974,허그허그러브,음식점 > 카페 > 커피전문점,0503-7152-8428,서울 마포구 연남동 453-9,서울 마포구 동교로51길 111,37.566300449817,126.920850923446,HAPJEONG_MANGWON,http://place.map.kakao.com/2000966974,합정 루프탑 카페,2026-09-08T21:15:26,,
KAKAO,193971778,카페바람,음식점 > 카페,02-330-4394,서울 서대문구 창천동 4-113,서울 서대문구 연세로2나길 57,37.55794769037941,126.93981579490435,HAPJEONG_MANGWON,http://place.map.kakao.com/193971778,합정 루프탑 카페,2026-09-08T21:15:26,,
KAKAO,1770013018,썸이프,음식점 > 카페,0507-1383-6909,서울 마포구 대흥동 245-13,서울 마포구 백범로16안길 3,37.5467233663599,126.9422385261,HAPJEONG_MANGWON,http://place.map.kakao.com/1770013018,합정 루프탑 카페,2026-09-08T21:15:26,,
KAKAO,1644811137,파크사이드,음식점 > 카페,0503-7152-9044,서울 마포구 대흥동 241-40,서울 마포구 백범로16안길 31,37.54632408677434,126.9438219362931,HAPJEONG_MANGWON,http://place.map.kakao.com/1644811137,합정 루프탑 카페,2026-09-08T21:15:26,,
KAKAO,631341688,카페비유,음식점 > 카페,,서울 영등포구 영등포동8가 1,서울 영등포구 국회대로53길 1,37.52569126032546,126.90689081879887,HAPJEONG_MANGWON,http://place.map.kakao.com/631341688,합정 루프탑 카페,2026-09-08T21:15:26,,
KAKAO,930505287,바나프레소 신촌점,음식점 > 카페 > 바나프레소,070-8998-8981,서울 서대문구 창천동 13-29,서울 서대문구 명물길 14,37.5575294173655,126.93767370034,HAPJEONG_MANGWON,http://place.map.kakao.com/930505287,합정 루프탑 카페,2026-09-08T21:15:26,,
KAKAO,659749618,Uig,음식점 > 카페,02-336-1256,서울 마포구 망원동 420-4,서울 마포구 망원로3길 7,37.5570452277427,126.901446547304,HAPJEONG_MANGWON,http://place.map.kakao.com/659749618,망원 루프탑 카페,2026-09-08T21:15:26,,
KAKAO,1205209884,노을카페,음식점 > 카페,,경기 평택시 평택동 158-2,경기 평택시 원평로39번길 22-1,36.9889840813085,127.083562371535,HAPJEONG_MANGWON,http://place.map.kakao.com/1205209884,합정 노을 카페,2026-09-08T21:15:26,,
KAKAO,890843625,개뿔,음식점 > 카페 > 테마카페 > 갤러리카페,02-765-2019,서울 종로구 이화동 9-443,서울 종로구 낙산성곽서1길 26,37.5781910083009,127.008069450086,JONGNO_EULJIRO,http://place.map.kakao.com/890843625,종로 루프탑 카페,2026-09-08T21:15:26,,
KAKAO,10405822,반쥴,음식점 > 카페 > 커피전문점,02-735-5437,서울 종로구 관철동 12-16,서울 종로구 삼일대로17길 23,37.5690615964593,126.986190337567,JONGNO_EULJIRO,http://place.map.kakao.com/10405822,종로 루프탑 카페,2026-09-08T21:15:26,,
KAKAO,1398571605,리제로 서울,음식점 > 카페,,서울 종로구 신문로2가 1-348,서울 종로구 경희궁3길 3-5,37.5729539965698,126.968095755928,JONGNO_EULJIRO,http://place.map.kakao.com/1398571605,종로 루프탑 카페,2026-09-08T21:15:26,,
KAKAO,27226023,카페트레블,음식점 > 카페,02-747-1056,서울 종로구 동숭동 129-215,서울 종로구 낙산3길 19-8,37.580003907709,127.006452999541,JONGNO_EULJIRO,http://place.map.kakao.com/27226023,종로 루프탑 카페,2026-09-08T21:15:26,,
KAKAO,871897654,트마리,음식점 > 카페,010-8189-1071,서울 종로구 권농동 182-7,서울 종로구 서순라길 107-1,37.574965423667,126.991577704968,JONGNO_EULJIRO,http://place.map.kakao.com/871897654,종로 루프탑 카페,2026-09-08T21:15:26,,
KAKAO,870916614,티퍼런스 서울,음식점 > 카페 > 테마카페 > 갤러리카페,02-745-1501,서울 종로구 묘동 141,서울 종로구 돈화문로 61,37.5739130138516,126.990930312073,JONGNO_EULJIRO,http://place.map.kakao.com/870916614,종로 루프탑 카페,2026-09-08T21:15:26,,
KAKAO,1427828053,퍼블릭가든,음식점 > 카페,0507-1375-3402,서울 종로구 예지동 269-25,서울 종로구 청계천로 199,37.5696606647617,126.999690978029,JONGNO_EULJIRO,http://place.map.kakao.com/1427828053,종로 루프탑 카페,2026-09-08T21:15:26,,
KAKAO,1441616415,올덴브라운 동묘점,음식점 > 카페,,서울 종로구 숭인동 72-55,서울 종로구 종로 369-1,37.57409573374982,127.01838393551054,JONGNO_EULJIRO,http://place.map.kakao.com/1441616415,종로 루프탑 카페,2026-09-08T21:15:26,,
KAKAO,1822481162,카페랑솜,음식점 > 카페,02-742-2185,서울 종로구 명륜4가 83-1,서울 종로구 대학로11길 22,37.5823322510486,127.000430213367,JONGNO_EULJIRO,http://place.map.kakao.com/1822481162,종로 루프탑 카페,2026-09-08T21:15:26,,
KAKAO,1710534106,두채,음식점 > 카페 > 테마카페 > 디저트카페,070-4633-3825,서울 종로구 연건동 269,서울 종로구 율곡로13가길 8,37.5763496510846,127.000393953351,JONGNO_EULJIRO,http://place.map.kakao.com/1710534106,종로 루프탑 카페,2026-09-08T21:15:26,,
KAKAO,25977363,슬로스텝,음식점 > 카페 > 커피전문점,02-762-2229,서울 종로구 동숭동 1-76,서울 종로구 대학로8가길 89,37.58205289030275,127.00355490769638,JONGNO_EULJIRO,http://place.map.kakao.com/25977363,종로 루프탑 카페,2026-09-08T21:15:26,,
KAKAO,2035769042,테르트르,음식점 > 카페 > 커피전문점,0507-1428-5690,서울 종로구 창신동 23-448,서울 종로구 낙산5길 46,37.57822498607935,127.01124719738597,JONGNO_EULJIRO,http://place.map.kakao.com/2035769042,종로 루프탑 카페,2026-09-08T21:15:26,,
KAKAO,1245067143,그린마일커피 북촌점,음식점 > 카페,02-744-2404,서울 종로구 가회동 11-49,서울 종로구 북촌로 64,37.582385388268,126.985236878217,JONGNO_EULJIRO,http://place.map.kakao.com/1245067143,종로 루프탑 카페,2026-09-08T21:15:26,,
KAKAO,1105770594,플랫커피,음식점 > 카페,,서울 종로구 통의동 61-1,서울 종로구 자하문로 14-1,37.57748168271781,126.97241945206056,JONGNO_EULJIRO,http://place.map.kakao.com/1105770594,종로 루프탑 카페,2026-09-08T21:15:26,,
KAKAO,1337001435,라르티스타,음식점 > 카페,02-3672-0060,서울 종로구 묘동 128-1,서울 종로구 돈화문로 60,37.57386078982401,126.99137972724151,JONGNO_EULJIRO,http://place.map.kakao.com/1337001435,종로 루프탑 카페,2026-09-08T21:15:26,,
KAKAO,1640534397,타이거타이거,음식점 > 카페,02-747-1986,서울 종로구 와룡동 172-2,서울 종로구 삼일대로30길 56,37.57433466995089,126.99080800284575,JONGNO_EULJIRO,http://place.map.kakao.com/1640534397,종로 루프탑 카페,2026-09-08T21:15:26,,
KAKAO,388079892,카페진선,음식점 > 카페,,서울 종로구 팔판동 150,서울 종로구 삼청로 59,37.5813827907419,126.980468561274,JONGNO_EULJIRO,http://place.map.kakao.com/388079892,종로 루프탑 카페,2026-09-08T21:15:26,,
KAKAO,1915661772,카페비비,음식점 > 카페 > 커피전문점,0507-1447-4564,서울 종로구 구기동 67-19,서울 종로구 진흥로 461,37.60697284451559,126.95954207775796,JONGNO_EULJIRO,http://place.map.kakao.com/1915661772,종로 루프탑 카페,2026-09-08T21:15:26,,
KAKAO,449373815,헤이븐,음식점 > 카페 > 테마카페 > 디저트카페,02-733-1531,서울 종로구 창성동 153-1,서울 종로구 자하문로 52-1,37.5807538531795,126.971411793473,JONGNO_EULJIRO,http://place.map.kakao.com/449373815,종로 루프탑 카페,2026-09-08T21:15:26,,
KAKAO,1361315797,피엔에이 서촌,음식점 > 카페,0503-7153-6627,서울 종로구 통의동 7-17,서울 종로구 효자로7길 9,37.5788468937799,126.973311033549,JONGNO_EULJIRO,http://place.map.kakao.com/1361315797,종로 루프탑 카페,2026-09-08T21:15:26,,
KAKAO,1003594221,심플리커피,음식점 > 카페,02-733-5123,서울 종로구 신문로2가 1-196,서울 종로구 경희궁1길 27,37.57218312090959,126.96951899211285,JONGNO_EULJIRO,http://place.map.kakao.com/1003594221,종로 루프탑 카페,2026-09-08T21:15:26,,
KAKAO,367830691,상국,음식점 > 카페,010-8956-5102,서울 종로구 원서동 134-10,서울 종로구 창덕궁길 47-7,37.5795656775501,126.988882792278,JONGNO_EULJIRO,http://place.map.kakao.com/367830691,종로 루프탑 카페,2026-09-08T21:15:26,,
KAKAO,786432024,호올스하우스,음식점 > 카페 > 커피전문점,0502-5551-6690,서울 종로구 충신동 1-383,서울 종로구 낙산성곽서길 91,37.5763826952192,127.008321702174,JONGNO_EULJIRO,http://place.map.kakao.com/786432024,종로 루프탑 카페,2026-09-08T21:15:26,,
KAKAO,1443952279,소진담 안녕인사동점,음식점 > 카페 > 테마카페 > 디저트카페,02-6952-4344,서울 종로구 관훈동 155-2,서울 종로구 인사동길 49,37.574467229154536,126.98355172967167,JONGNO_EULJIRO,http://place.map.kakao.com/1443952279,종로 루프탑 카페,2026-09-08T21:15:26,,
KAKAO,600622971,카페뷰,음식점 > 카페,,서울 종로구 봉익동 40-1,서울 종로구 서순라길 27-5,37.5720084761953,126.993432227992,JONGNO_EULJIRO,http://place.map.kakao.com/600622971,종로 루프탑 카페,2026-09-08T21:15:26,,
KAKAO,533666375,스푼 경복궁점,음식점 > 카페 > 테마카페 > 디저트카페,02-743-0919,서울 종로구 적선동 80,서울 종로구 사직로 130,37.57536725609763,126.97332133173451,JONGNO_EULJIRO,http://place.map.kakao.com/533666375,종로 루프탑 카페,2026-09-08T21:15:26,,
KAKAO,1146410842,담쟁이집,음식점 > 카페,,서울 종로구 견지동 82,서울 종로구 인사동11길 20,37.5738662787198,126.983645818862,JONGNO_EULJIRO,http://place.map.kakao.com/1146410842,종로 루프탑 카페,2026-09-08T21:15:26,,
KAKAO,1994892698,르프랑루프탑,음식점 > 카페,02-722-5655,서울 종로구 관훈동 21,서울 종로구 인사동길 34-1,37.5738584255132,126.985609861635,JONGNO_EULJIRO,http://place.map.kakao.com/1994892698,종로 루프탑 카페,2026-09-08T21:15:26,,
KAKAO,242361931,카페언더24,음식점 > 카페,02-2268-9333,서울 종로구 종로6가 261-1,서울 종로구 종로40길 9,37.57054253885825,127.00688572459039,JONGNO_EULJIRO,http://place.map.kakao.com/242361931,종로 루프탑 카페,2026-09-08T21:15:26,,
KAKAO,728338956,인터미션,음식점 > 카페,070-8028-4687,서울 종로구 동숭동 129-130,서울 종로구 낙산길 21,37.5805373336675,127.005723964641,JONGNO_EULJIRO,http://place.map.kakao.com/728338956,종로 루프탑 카페,2026-09-08T21:15:26,,
KAKAO,8113742,파툼,음식점 > 카페,02-739-9888,서울 종로구 삼청동 63-15,서울 종로구 삼청로 86-5,37.583210275679,126.982175371656,JONGNO_EULJIRO,http://place.map.kakao.com/8113742,종로 루프탑 카페,2026-09-08T21:15:26,,
KAKAO,844782189,동양차문화관,음식점 > 카페 > 전통찻집,,서울 종로구 삼청동 35-91,서울 종로구 북촌로11길 76,37.5838628003638,126.983592684909,JONGNO_EULJIRO,http://place.map.kakao.com/844782189,종로 루프탑 카페,2026-09-08T21:15:26,,
KAKAO,2117692443,카페해화,음식점 > 카페,02-984-0320,서울 종로구 명륜4가 54-2,서울 종로구 대명1길 16-12,37.58297646216767,127.00003396450587,JONGNO_EULJIRO,http://place.map.kakao.com/2117692443,종로 루프탑 카페,2026-09-08T21:15:26,,
KAKAO,1617745391,아리디,음식점 > 카페,070-7716-9259,서울 종로구 부암동 29-16,서울 종로구 백석동길 81,37.5944627543788,126.96901961059,JONGNO_EULJIRO,http://place.map.kakao.com/1617745391,종로 루프탑 카페,2026-09-08T21:15:26,,
KAKAO,1252870487,슈퍼샤이 스튜디오&카페,음식점 > 카페 > 테마카페 > 디저트카페,0502-5550-9611,서울 종로구 삼청동 27-28,서울 종로구 북촌로 137-17,37.586971967156096,126.98247790716187,JONGNO_EULJIRO,http://place.map.kakao.com/1252870487,종로 루프탑 카페,2026-09-08T21:15:26,,
KAKAO,557230756,바캉스커피,음식점 > 카페,070-8803-2326,서울 중구 다동 117,서울 중구 남대문로9길 12,37.5668986043999,126.981753662216,JONGNO_EULJIRO,http://place.map.kakao.com/557230756,종로 루프탑 카페,2026-09-08T21:15:26,,
KAKAO,2039117711,카페느티,음식점 > 카페,02-2261-3323,서울 중구 을지로2가 101-21,서울 중구 을지로 97,37.5663732932058,126.98871270452017,JONGNO_EULJIRO,http://place.map.kakao.com/2039117711,종로 루프탑 카페,2026-09-08T21:15:26,,
KAKAO,821854809,소요재,음식점 > 카페,,서울 성북구 동소문동4가 41,서울 성북구 동소문로 37,37.59035967769294,127.00996956710931,JONGNO_EULJIRO,http://place.map.kakao.com/821854809,종로 루프탑 카페,2026-09-08T21:15:26,,
KAKAO,1185361619,파인즈,음식점 > 카페 > 커피전문점,02-318-4005,서울 중구 명동1가 1-3,서울 중구 명동길 73,37.56424847368204,126.98616858874772,JONGNO_EULJIRO,http://place.map.kakao.com/1185361619,종로 루프탑 카페,2026-09-08T21:15:26,,
KAKAO,324146172,카페 카다로그,음식점 > 카페,010-2547-1868,서울 중구 을지로2가 101-2,서울 중구 을지로 105,37.566429232264,126.989552565663,JONGNO_EULJIRO,http://place.map.kakao.com/324146172,종로 루프탑 카페,2026-09-08T21:15:26,,
KAKAO,1448715295,에이디디,음식점 > 카페 > 커피전문점,070-4209-7272,서울 중구 주교동 112,서울 중구 을지로27길 29,37.5681073445485,126.999001642057,JONGNO_EULJIRO,http://place.map.kakao.com/1448715295,종로 루프탑 카페,2026-09-08T21:15:26,,
KAKAO,754597409,킨폭스커피,음식점 > 카페,02-943-7920,서울 성북구 정릉동 310-4,서울 성북구 보국문로 87-22,37.6118592799575,127.00780126544,JONGNO_EULJIRO,http://place.map.kakao.com/754597409,종로 루프탑 카페,2026-09-08T21:15:26,,
KAKAO,1178899525,카페구월,음식점 > 카페,070-8875-2624,서울 성북구 동선동2가 72,서울 성북구 보문로30길 43,37.58955317349163,127.01954546218683,JONGNO_EULJIRO,http://place.map.kakao.com/1178899525,종로 루프탑 카페,2026-09-08T21:15:26,,
KAKAO,1491457111,미오앤나나,음식점 > 카페 > 커피전문점,0503-7151-7541,서울 중구 남학동 18,서울 중구 퇴계로28길 8-5,37.56044944175061,126.99104625707058,JONGNO_EULJIRO,http://place.map.kakao.com/1491457111,종로 루프탑 카페,2026-09-08T21:15:26,,
KAKAO,1069892792,팀앤메리,음식점 > 카페,,서울 중구 필동1가 3-17,서울 중구 퇴계로27길 12-3,37.5617964880173,126.991819135497,JONGNO_EULJIRO,http://place.map.kakao.com/1069892792,종로 루프탑 카페,2026-09-08T21:15:26,,
KAKAO,10405822,반쥴,음식점 > 카페 > 커피전문점,02-735-5437,서울 종로구 관철동 12-16,서울 종로구 삼일대로17길 23,37.5690615964593,126.986190337567,JONGNO_EULJIRO,http://place.map.kakao.com/10405822,을지로 루프탑 카페,2026-09-08T21:15:26,,
KAKAO,1427828053,퍼블릭가든,음식점 > 카페,0507-1375-3402,서울 종로구 예지동 269-25,서울 종로구 청계천로 199,37.5696606647617,126.999690978029,JONGNO_EULJIRO,http://place.map.kakao.com/1427828053,을지로 루프탑 카페,2026-09-08T21:15:26,,
KAKAO,2039117711,카페느티,음식점 > 카페,02-2261-3323,서울 중구 을지로2가 101-21,서울 중구 을지로 97,37.5663732932058,126.98871270452017,JONGNO_EULJIRO,http://place.map.kakao.com/2039117711,을지로 루프탑 카페,2026-09-08T21:15:26,,
KAKAO,1448715295,에이디디,음식점 > 카페 > 커피전문점,070-4209-7272,서울 중구 주교동 112,서울 중구 을지로27길 29,37.5681073445485,126.999001642057,JONGNO_EULJIRO,http://place.map.kakao.com/1448715295,을지로 루프탑 카페,2026-09-08T21:15:26,,
KAKAO,324146172,카페 카다로그,음식점 > 카페,010-2547-1868,서울 중구 을지로2가 101-2,서울 중구 을지로 105,37.566429232264,126.989552565663,JONGNO_EULJIRO,http://place.map.kakao.com/324146172,을지로 루프탑 카페,2026-09-08T21:15:26,,
KAKAO,870916614,티퍼런스 서울,음식점 > 카페 > 테마카페 > 갤러리카페,02-745-1501,서울 종로구 묘동 141,서울 종로구 돈화문로 61,37.5739130138516,126.990930312073,JONGNO_EULJIRO,http://place.map.kakao.com/870916614,을지로 루프탑 카페,2026-09-08T21:15:26,,
KAKAO,1185361619,파인즈,음식점 > 카페 > 커피전문점,02-318-4005,서울 중구 명동1가 1-3,서울 중구 명동길 73,37.56424847368204,126.98616858874772,JONGNO_EULJIRO,http://place.map.kakao.com/1185361619,을지로 루프탑 카페,2026-09-08T21:15:26,,
KAKAO,1491457111,미오앤나나,음식점 > 카페 > 커피전문점,0503-7151-7541,서울 중구 남학동 18,서울 중구 퇴계로28길 8-5,37.56044944175061,126.99104625707058,JONGNO_EULJIRO,http://place.map.kakao.com/1491457111,을지로 루프탑 카페,2026-09-08T21:15:26,,
KAKAO,871897654,트마리,음식점 > 카페,010-8189-1071,서울 종로구 권농동 182-7,서울 종로구 서순라길 107-1,37.574965423667,126.991577704968,JONGNO_EULJIRO,http://place.map.kakao.com/871897654,을지로 루프탑 카페,2026-09-08T21:15:26,,
KAKAO,1069892792,팀앤메리,음식점 > 카페,,서울 중구 필동1가 3-17,서울 중구 퇴계로27길 12-3,37.5617964880173,126.991819135497,JONGNO_EULJIRO,http://place.map.kakao.com/1069892792,을지로 루프탑 카페,2026-09-08T21:15:26,,
KAKAO,600622971,카페뷰,음식점 > 카페,,서울 종로구 봉익동 40-1,서울 종로구 서순라길 27-5,37.5720084761953,126.993432227992,JONGNO_EULJIRO,http://place.map.kakao.com/600622971,을지로 루프탑 카페,2026-09-08T21:15:26,,
KAKAO,1337001435,라르티스타,음식점 > 카페,02-3672-0060,서울 종로구 묘동 128-1,서울 종로구 돈화문로 60,37.57386078982401,126.99137972724151,JONGNO_EULJIRO,http://place.map.kakao.com/1337001435,을지로 루프탑 카페,2026-09-08T21:15:26,,
KAKAO,2128655244,로이터,음식점 > 카페,,서울 중구 필동3가 62-11,서울 중구 필동로 53,37.55673490043307,126.99594832404023,JONGNO_EULJIRO,http://place.map.kakao.com/2128655244,을지로 루프탑 카페,2026-09-08T21:15:26,,
KAKAO,1640534397,타이거타이거,음식점 > 카페,02-747-1986,서울 종로구 와룡동 172-2,서울 종로구 삼일대로30길 56,37.57433466995089,126.99080800284575,JONGNO_EULJIRO,http://place.map.kakao.com/1640534397,을지로 루프탑 카페,2026-09-08T21:15:26,,
KAKAO,1710534106,두채,음식점 > 카페 > 테마카페 > 디저트카페,070-4633-3825,서울 종로구 연건동 269,서울 종로구 율곡로13가길 8,37.5763496510846,127.000393953351,JONGNO_EULJIRO,http://place.map.kakao.com/1710534106,을지로 루프탑 카페,2026-09-08T21:15:26,,
KAKAO,890843625,개뿔,음식점 > 카페 > 테마카페 > 갤러리카페,02-765-2019,서울 종로구 이화동 9-443,서울 종로구 낙산성곽서1길 26,37.5781910083009,127.008069450086,JONGNO_EULJIRO,http://place.map.kakao.com/890843625,을지로 루프탑 카페,2026-09-08T21:15:27,,
KAKAO,242361931,카페언더24,음식점 > 카페,02-2268-9333,서울 종로구 종로6가 261-1,서울 종로구 종로40길 9,37.57054253885825,127.00688572459039,JONGNO_EULJIRO,http://place.map.kakao.com/242361931,을지로 루프탑 카페,2026-09-08T21:15:27,,
KAKAO,557230756,바캉스커피,음식점 > 카페,070-8803-2326,서울 중구 다동 117,서울 중구 남대문로9길 12,37.5668986043999,126.981753662216,JONGNO_EULJIRO,http://place.map.kakao.com/557230756,을지로 루프탑 카페,2026-09-08T21:15:27,,
KAKAO,1156799842,을지커피,음식점 > 카페,010-3275-1444,서울 중구 저동2가 83-5,서울 중구 마른내로 11-12,37.5652155601551,126.989214302638,JONGNO_EULJIRO,http://place.map.kakao.com/1156799842,을지로 루프탑 카페,2026-09-08T21:15:27,,
KAKAO,1531032887,명동아지트,음식점 > 카페,02-778-6080,서울 중구 충무로2가 66-9,서울 중구 명동8가길 7,37.56176073034472,126.98540393220809,JONGNO_EULJIRO,http://place.map.kakao.com/1531032887,을지로 루프탑 카페,2026-09-08T21:15:27,,
KAKAO,1994892698,르프랑루프탑,음식점 > 카페,02-722-5655,서울 종로구 관훈동 21,서울 종로구 인사동길 34-1,37.5738584255132,126.985609861635,JONGNO_EULJIRO,http://place.map.kakao.com/1994892698,을지로 루프탑 카페,2026-09-08T21:15:27,,
KAKAO,662216597,향월재카페,음식점 > 카페,,서울 중구 신당동 826-40,서울 중구 동호로17길 83,37.555000394597045,127.00605021163163,JONGNO_EULJIRO,http://place.map.kakao.com/662216597,을지로 루프탑 카페,2026-09-08T21:15:27,,
KAKAO,1443952279,소진담 안녕인사동점,음식점 > 카페 > 테마카페 > 디저트카페,02-6952-4344,서울 종로구 관훈동 155-2,서울 종로구 인사동길 49,37.574467229154536,126.98355172967167,JONGNO_EULJIRO,http://place.map.kakao.com/1443952279,을지로 루프탑 카페,2026-09-08T21:15:27,,
KAKAO,786432024,호올스하우스,음식점 > 카페 > 커피전문점,0502-5551-6690,서울 종로구 충신동 1-383,서울 종로구 낙산성곽서길 91,37.5763826952192,127.008321702174,JONGNO_EULJIRO,http://place.map.kakao.com/786432024,을지로 루프탑 카페,2026-09-08T21:15:27,,
KAKAO,1146410842,담쟁이집,음식점 > 카페,,서울 종로구 견지동 82,서울 종로구 인사동11길 20,37.5738662787198,126.983645818862,JONGNO_EULJIRO,http://place.map.kakao.com/1146410842,을지로 루프탑 카페,2026-09-08T21:15:27,,
KAKAO,367830691,상국,음식점 > 카페,010-8956-5102,서울 종로구 원서동 134-10,서울 종로구 창덕궁길 47-7,37.5795656775501,126.988882792278,JONGNO_EULJIRO,http://place.map.kakao.com/367830691,을지로 루프탑 카페,2026-09-08T21:15:27,,
KAKAO,1930398749,카페 라,음식점 > 카페,0507-1321-0705,서울 중구 장충동2가 202,서울 중구 동호로 249,37.5575086580251,127.00796536040313,JONGNO_EULJIRO,http://place.map.kakao.com/1930398749,을지로 루프탑 카페,2026-09-08T21:15:27,,
KAKAO,1472402809,카페 라 루프탑 신라면세점 서울점,음식점 > 카페,,서울 중구 장충동2가 202,서울 중구 동호로 249,37.5571942267145,127.007712944452,JONGNO_EULJIRO,http://place.map.kakao.com/1472402809,을지로 루프탑 카페,2026-09-08T21:15:27,,
KAKAO,1746130456,아트몬,음식점 > 카페,010-9893-2393,서울 중구 남산동2가 49-14,서울 중구 퇴계로20나길 42,37.5573449187487,126.985201076369,JONGNO_EULJIRO,http://place.map.kakao.com/1746130456,을지로 루프탑 카페,2026-09-08T21:15:27,,
KAKAO,980469189,사유의서재카페앤루프탑,음식점 > 카페,,서울 중구 남산동2가 13-1,서울 중구 퇴계로20길 13,37.5596785846541,126.985880825165,JONGNO_EULJIRO,http://place.map.kakao.com/980469189,을지로 루프탑 카페,2026-09-08T21:15:27,,
KAKAO,2005375589,썸띵어바웃커피,음식점 > 카페 > 테마카페 > 디저트카페,,서울 강남구 역삼동 618-16,서울 강남구 강남대로102길 30,37.502824775159816,127.02779847587531,GANGNAM,http://place.map.kakao.com/2005375589,강남 루프탑 카페,2026-09-08T21:15:27,,
KAKAO,561053021,루프808,음식점 > 카페,02-562-8088,서울 강남구 역삼동 808,서울 강남구 강남대로 470,37.50432916590024,127.02506097591196,GANGNAM,http://place.map.kakao.com/561053021,강남 루프탑 카페,2026-09-08T21:15:27,,
KAKAO,1466542951,셀렉티드닉스,음식점 > 카페,070-5176-7947,서울 강남구 역삼동 827-13,서울 강남구 테헤란로4길 37,37.4962223486255,127.030837985875,GANGNAM,http://place.map.kakao.com/1466542951,강남 루프탑 카페,2026-09-08T21:15:27,,
KAKAO,1686974637,그레이스케일커피,음식점 > 카페,,서울 강남구 역삼동 618-8,서울 강남구 강남대로102길 38,37.5032535497272,127.028237441604,GANGNAM,http://place.map.kakao.com/1686974637,강남 루프탑 카페,2026-09-08T21:15:27,,
KAKAO,534862116,뷰376카페,음식점 > 카페,,서울 강남구 압구정동 376-1,,37.531416532105254,127.04226573399961,GANGNAM,http://place.map.kakao.com/534862116,강남 루프탑 카페,2026-09-08T21:15:27,,
KAKAO,676584586,텔러스9.5,음식점 > 카페,02-542-2395,서울 강남구 신사동 561-19,서울 강남구 도산대로 153,37.518827196471825,127.02520269659159,GANGNAM,http://place.map.kakao.com/676584586,강남 루프탑 카페,2026-09-08T21:15:27,,
KAKAO,405367531,프라텔리,음식점 > 카페 > 커피전문점,010-5025-0261,서울 강남구 역삼동 812-8,서울 강남구 봉은사로4길 31,37.5028429995628,127.026916350165,GANGNAM,http://place.map.kakao.com/405367531,강남 루프탑 카페,2026-09-08T21:15:27,,
KAKAO,1052653971,셀렉티드마롱,음식점 > 카페,070-4284-5104,서울 강남구 역삼동 827-13,서울 강남구 테헤란로4길 37,37.4961925947187,127.030917132353,GANGNAM,http://place.map.kakao.com/1052653971,강남 루프탑 카페,2026-09-08T21:15:27,,
KAKAO,1448786847,아란로빈,음식점 > 카페,0507-1352-9306,서울 강남구 역삼동 812-7,서울 강남구 봉은사로4길 31-3,37.5028961296973,127.027044165443,GANGNAM,http://place.map.kakao.com/1448786847,강남 루프탑 카페,2026-09-08T21:15:27,,
KAKAO,1855109118,ART SPACE Y CAFE,음식점 > 카페 > 테마카페 > 갤러리카페,0502-5550-5232,서울 강남구 역삼동 621-22,서울 강남구 강남대로100길 28,37.5018272282817,127.028360175138,GANGNAM,http://place.map.kakao.com/1855109118,강남 루프탑 카페,2026-09-08T21:15:27,,
KAKAO,89150246,할리스 세로수길점,음식점 > 카페 > 커피전문점 > 할리스,02-511-1473,서울 강남구 신사동 536-6,서울 강남구 강남대로152길 41,37.518229441217,127.022682246034,GANGNAM,http://place.map.kakao.com/89150246,강남 루프탑 카페,2026-09-08T21:15:27,,
KAKAO,943162869,캠핑고양이 양재점,음식점 > 카페 > 테마카페 > 고양이카페,02-577-5502,서울 강남구 도곡동 947-2,서울 강남구 도곡로4길 38,37.48794998834305,127.03484296789345,GANGNAM,http://place.map.kakao.com/943162869,강남 루프탑 카페,2026-09-08T21:15:27,,
KAKAO,545774780,테이크원커피 SG아트타워,음식점 > 카페,,서울 강남구 역삼동 621-1,서울 강남구 봉은사로18길 71,37.5020048306787,127.02792257379,GANGNAM,http://place.map.kakao.com/545774780,강남 루프탑 카페,2026-09-08T21:15:27,,
KAKAO,931511391,액트4,음식점 > 카페,010-4900-8737,서울 강남구 신사동 540-11,서울 강남구 도산대로15길 12,37.51911395372351,127.0240602966018,GANGNAM,http://place.map.kakao.com/931511391,강남 루프탑 카페,2026-09-08T21:15:27,,
KAKAO,70861934,카페601,음식점 > 카페,,서울 강남구 역삼동 765-8,서울 강남구 선릉로 309,37.4971861439105,127.052159497863,GANGNAM,http://place.map.kakao.com/70861934,강남 루프탑 카페,2026-09-08T21:15:27,,
KAKAO,1586443225,카페리빈,음식점 > 카페,0507-2085-4771,서울 강남구 역삼동 706-12,서울 강남구 언주로90길 8,37.5022576652716,127.043889140589,GANGNAM,http://place.map.kakao.com/1586443225,강남 루프탑 카페,2026-09-08T21:15:27,,
KAKAO,515910614,맨들러커피,음식점 > 카페,0503-7151-4540,서울 송파구 삼전동 48-12,서울 송파구 백제고분로 208,37.50361843869517,127.0896617690706,GANGNAM,http://place.map.kakao.com/515910614,강남 루프탑 카페,2026-09-08T21:15:27,,
KAKAO,16733211,카페슬로우,음식점 > 카페,02-3482-0111,서울 서초구 서초동 1308-12,서울 서초구 서초대로77길 35,37.50079626026492,127.02535270032543,GANGNAM,http://place.map.kakao.com/16733211,강남 루프탑 카페,2026-09-08T21:15:27,,
KAKAO,764234734,카페고고스,음식점 > 카페,02-584-3335,서울 서초구 서초동 1438-1,서울 서초구 효령로 356,37.48646347721584,127.02322441623429,GANGNAM,http://place.map.kakao.com/764234734,강남 루프탑 카페,2026-09-08T21:15:27,,
KAKAO,1171279548,런던커파강남샐러드샌드위치맛집,음식점 > 카페,,서울 서초구 반포동 739-9,서울 서초구 사평대로53길 18,37.5051713582881,127.021764467664,GANGNAM,http://place.map.kakao.com/1171279548,강남 루프탑 카페,2026-09-08T21:15:27,,
KAKAO,1128989913,성수동대림창고갤러리,음식점 > 카페 > 테마카페 > 갤러리카페,0507-1390-9669,서울 성동구 성수동2가 322-32,서울 성동구 성수이로 78,37.54171994709006,127.05624815815919,GANGNAM,http://place.map.kakao.com/1128989913,강남 루프탑 카페,2026-09-08T21:15:27,,
KAKAO,145791269,어니언 성수,음식점 > 카페,070-4353-3238,서울 성동구 성수동2가 277-135,서울 성동구 아차산로9길 8,37.544782395189884,127.05820807890457,GANGNAM,http://place.map.kakao.com/145791269,강남 루프탑 카페,2026-09-08T21:15:27,,
KAKAO,628602958,더레스트,음식점 > 카페,0507-1446-0423,서울 서초구 염곡동 216-1,서울 서초구 헌릉로 164,37.4572316512484,127.058219272217,GANGNAM,http://place.map.kakao.com/628602958,강남 루프탑 카페,2026-09-08T21:15:27,,
KAKAO,1276610364,떨스티앤트,음식점 > 카페,0502-5550-0623,서울 송파구 송파동 18-11,서울 송파구 백제고분로41길 7-15,37.506397423693585,127.10765917965605,GANGNAM,http://place.map.kakao.com/1276610364,강남 루프탑 카페,2026-09-08T21:15:27,,
KAKAO,1061644831,복자타로카페,음식점 > 카페,02-511-5909,서울 서초구 반포동 721-1,서울 서초구 강남대로89길 19,37.5092053283508,127.020817831472,GANGNAM,http://place.map.kakao.com/1061644831,강남 루프탑 카페,2026-09-08T21:15:27,,
KAKAO,1249699069,더커피컴퍼니,음식점 > 카페,070-7756-3016,서울 서초구 반포동 45-2,서울 서초구 서초중앙로29길 16,37.4989189947806,127.010728657702,GANGNAM,http://place.map.kakao.com/1249699069,강남 루프탑 카페,2026-09-08T21:15:27,,
KAKAO,1946951432,ddd 잠실,음식점 > 카페,02-424-1442,서울 송파구 송파동 42-6,서울 송파구 백제고분로45길 17-3,37.5095574218808,127.109429271167,GANGNAM,http://place.map.kakao.com/1946951432,강남 루프탑 카페,2026-09-08T21:15:27,,
KAKAO,547570065,옹근달,음식점 > 카페,02-499-5012,서울 성동구 성수동2가 333-52,서울 성동구 성수이로7길 41-1,37.54271255358584,127.05299006599826,GANGNAM,http://place.map.kakao.com/547570065,강남 루프탑 카페,2026-09-08T21:15:27,,
KAKAO,1667114620,카페플랜,음식점 > 카페,02-458-3555,서울 광진구 자양동 600-28,서울 광진구 자양번영로2길 7,37.530536848952686,127.0754275723086,GANGNAM,http://place.map.kakao.com/1667114620,강남 루프탑 카페,2026-09-08T21:15:27,,
KAKAO,1758616703,토키노,음식점 > 카페,02-3409-1020,서울 성동구 성수동2가 315-28,서울 성동구 연무장5가길 22,37.5433026795717,127.055022747204,GANGNAM,http://place.map.kakao.com/1758616703,강남 루프탑 카페,2026-09-08T21:15:27,,
KAKAO,536976342,러프러프,음식점 > 카페,010-3596-8204,서울 성동구 성수동2가 271-24,서울 성동구 연무장길 81,37.54169650410732,127.05814344586099,GANGNAM,http://place.map.kakao.com/536976342,강남 루프탑 카페,2026-09-08T21:15:27,,
KAKAO,630809414,위드멍,음식점 > 카페 > 테마카페 > 애견카페,010-4299-0514,서울 송파구 석촌동 276,서울 송파구 가락로 98,37.5008442126489,127.107015635488,GANGNAM,http://place.map.kakao.com/630809414,강남 루프탑 카페,2026-09-08T21:15:27,,
KAKAO,1901496827,포르르,음식점 > 카페,0502-5553-2638,서울 광진구 화양동 3-26,서울 광진구 능동로 137-1,37.5431980988527,127.071907632875,GANGNAM,http://place.map.kakao.com/1901496827,강남 루프탑 카페,2026-09-08T21:15:27,,
KAKAO,1414498733,삼옥,음식점 > 카페,0507-1395-3530,서울 성동구 성수동2가 289-272,서울 성동구 아차산로7길 17-1,37.54672125092348,127.05463372568822,GANGNAM,http://place.map.kakao.com/1414498733,강남 루프탑 카페,2026-09-08T21:15:27,,
KAKAO,1225156919,LOOOP 루프 베이커리 카페,음식점 > 카페 > 테마카페 > 디저트카페,070-7740-2020,서울 성동구 성수동2가 302-43,서울 성동구 연무장5길 9-13,37.5442084621098,127.052431000827,GANGNAM,http://place.map.kakao.com/1225156919,강남 루프탑 카페,2026-09-08T21:15:27,,
KAKAO,1599571399,어라운드데이,음식점 > 카페,0502-5550-1282,서울 성동구 성수동1가 685-483,서울 성동구 서울숲2길 24-1,37.54686182777454,127.04126958888213,GANGNAM,http://place.map.kakao.com/1599571399,강남 루프탑 카페,2026-09-08T21:15:27,,
KAKAO,1862094254,카페탱자 서울공항점,음식점 > 카페 > 테마카페 > 디저트카페,070-8881-0358,경기 성남시 수정구 오야동 233-9,경기 성남시 수정구 오야북로6번길 14-1,37.4560930258502,127.104862034913,GANGNAM,http://place.map.kakao.com/1862094254,강남 루프탑 카페,2026-09-08T21:15:27,,
KAKAO,2077704597,코지모리,음식점 > 카페,070-4776-3501,서울 서초구 방배동 906-5,서울 서초구 방배로16길 16-8,37.4845330549469,126.996849972771,GANGNAM,http://place.map.kakao.com/2077704597,강남 루프탑 카페,2026-09-08T21:15:27,,
KAKAO,485950525,환원당,음식점 > 카페,070-8838-0230,서울 광진구 화양동 94-25,서울 광진구 능동로 166,37.545299156854966,127.0734882049305,GANGNAM,http://place.map.kakao.com/485950525,강남 루프탑 카페,2026-09-08T21:15:27,,
KAKAO,801186197,미디엄스톤,음식점 > 카페 > 커피전문점,0507-1383-7181,서울 성동구 성수동1가 656-711,서울 성동구 왕십리로10길 18-1,37.5465319115248,127.04652228819,GANGNAM,http://place.map.kakao.com/801186197,강남 루프탑 카페,2026-09-08T21:15:27,,
KAKAO,1784371946,비도커피,음식점 > 카페 > 테마카페 > 디저트카페,0503-7150-6244,서울 성동구 성수동1가 8-36,서울 성동구 왕십리로4길 24-7,37.5468237868867,127.046644682716,GANGNAM,http://place.map.kakao.com/1784371946,강남 루프탑 카페,2026-09-08T21:15:27,,
KAKAO,1326702165,뉴앳던 성수,음식점 > 카페,070-4242-8111,서울 성동구 성수동1가 668-38,서울 성동구 왕십리로5길 9-20,37.5464715948163,127.044041788355,GANGNAM,http://place.map.kakao.com/1326702165,강남 루프탑 카페,2026-09-08T21:15:27,,
KAKAO,26852037,폴바셋 한남커피스테이션로스트웍스,음식점 > 카페 > 커피전문점 > 폴바셋,02-792-8310,서울 용산구 한남동 257-13,서울 용산구 한남대로 48,37.533350151365,127.008195858679,GANGNAM,http://place.map.kakao.com/26852037,강남 루프탑 카페,2026-09-08T21:15:27,,
KAKAO,107394253,그린홀,음식점 > 카페 > 테마카페 > 디저트카페,0502-5553-2643,서울 성동구 성수동1가 656-947,서울 성동구 왕십리로 136,37.54969246914925,127.04456424080348,GANGNAM,http://place.map.kakao.com/107394253,강남 루프탑 카페,2026-09-08T21:15:27,,
KAKAO,1545128179,그린룸,음식점 > 카페 > 커피전문점,02-498-0729,서울 성동구 성수동1가 656-947,서울 성동구 왕십리로 136,37.5496933701539,127.04456424134,GANGNAM,http://place.map.kakao.com/1545128179,강남 루프탑 카페,2026-09-08T21:15:27,,
KAKAO,534862116,뷰376카페,음식점 > 카페,,서울 강남구 압구정동 376-1,,37.531416532105254,127.04226573399961,YEOUIDO,http://place.map.kakao.com/534862116,여의도 한강뷰 카페,2026-09-08T21:15:27,,
KAKAO,1649930378,커피로드뷰 연남점,음식점 > 카페,,서울 마포구 동교동 204-3,서울 마포구 월드컵북로6길 52,37.5590224587401,126.921235507785,YEOUIDO,http://place.map.kakao.com/1649930378,여의도 한강뷰 카페,2026-09-08T21:15:27,,
KAKAO,21055649,더페이머스뷰,음식점 > 카페,,서울 마포구 도화동 555,서울 마포구 마포대로 33,37.5401602864114,126.945610940357,YEOUIDO,http://place.map.kakao.com/21055649,여의도 한강뷰 카페,2026-09-08T21:15:27,,
KAKAO,1016401216,켄싱턴호텔 여의도 더뷰라운지,음식점 > 카페,02-6670-7331,서울 영등포구 여의도동 13-3,서울 영등포구 국회대로76길 16,37.530274784132416,126.92199320702456,YEOUIDO,http://place.map.kakao.com/1016401216,여의도 한강뷰 카페,2026-09-08T21:15:27,,
KAKAO,711864705,맥심플랜트,음식점 > 카페,070-4287-8557,서울 용산구 한남동 683-140,서울 용산구 이태원로 250,37.53698957357094,127.00099681148605,YONGSAN_SAMGAKJI,http://place.map.kakao.com/711864705,용산 루프탑 카페,2026-09-08T21:15:27,,
KAKAO,1316697633,르몽블랑,음식점 > 카페 > 테마카페 > 디저트카페,070-8887-8200,서울 용산구 용산동2가 1-91,서울 용산구 신흥로 99-4,37.5448786623818,126.98485501628461,YONGSAN_SAMGAKJI,http://place.map.kakao.com/1316697633,용산 루프탑 카페,2026-09-08T21:15:27,,
KAKAO,1698143190,오잇,음식점 > 카페 > 테마카페 > 디저트카페,0507-1418-2073,서울 용산구 용산동2가 1-471,서울 용산구 신흥로 95,37.54553552087409,126.98509138439792,YONGSAN_SAMGAKJI,http://place.map.kakao.com/1698143190,용산 루프탑 카페,2026-09-08T21:15:27,,
KAKAO,1364425160,타자기,음식점 > 카페,010-4445-8918,서울 용산구 용산동2가 1-508,서울 용산구 신흥로 97-5,37.5452318575497,126.984882102732,YONGSAN_SAMGAKJI,http://place.map.kakao.com/1364425160,용산 루프탑 카페,2026-09-08T21:15:27,,
KAKAO,27495682,오랑오랑,음식점 > 카페,02-3789-7007,서울 용산구 용산동2가 1-62,서울 용산구 소월로20길 26-14,37.54512916396182,126.98504167590829,YONGSAN_SAMGAKJI,http://place.map.kakao.com/27495682,용산 루프탑 카페,2026-09-08T21:15:27,,
KAKAO,859448387,카키바움,음식점 > 카페,02-790-6275,서울 용산구 한강로1가 225-1,서울 용산구 한강대로52길 29,37.531779547247,126.972738367243,YONGSAN_SAMGAKJI,http://place.map.kakao.com/859448387,용산 루프탑 카페,2026-09-08T21:15:27,,
KAKAO,1886309015,콩카페 이태원점,음식점 > 카페 > 커피전문점 > 콩카페,070-7717-0333,서울 용산구 이태원동 34-54,서울 용산구 녹사평대로 168-8,37.53324004328261,126.98945989685845,YONGSAN_SAMGAKJI,http://place.map.kakao.com/1886309015,용산 루프탑 카페,2026-09-08T21:15:27,,
KAKAO,19615417,서울루덴스,음식점 > 카페,02-795-4151,서울 용산구 이태원동 5-12,서울 용산구 회나무로 69,37.5404177441095,126.994260999632,YONGSAN_SAMGAKJI,http://place.map.kakao.com/19615417,용산 루프탑 카페,2026-09-08T21:15:27,,
KAKAO,26817378,컴컴베이커리카페,음식점 > 카페 > 테마카페 > 디저트카페,02-788-7365,서울 용산구 한강로2가 112-1,서울 용산구 한강대로44길 14,37.53081856304149,126.97058460505436,YONGSAN_SAMGAKJI,http://place.map.kakao.com/26817378,용산 루프탑 카페,2026-09-08T21:15:27,,
KAKAO,26911803,엔와이84.8,음식점 > 카페,02-790-9103,서울 용산구 남영동 84-8,서울 용산구 한강대로 268,37.5422060024068,126.973078557438,YONGSAN_SAMGAKJI,http://place.map.kakao.com/26911803,용산 루프탑 카페,2026-09-08T21:15:27,,
KAKAO,1607376461,이스터서울,음식점 > 카페,010-4420-7692,서울 용산구 한강로2가 133,서울 용산구 한강대로 126-4,37.5307543653712,126.969688592871,YONGSAN_SAMGAKJI,http://place.map.kakao.com/1607376461,용산 루프탑 카페,2026-09-08T21:15:27,,
KAKAO,285654982,인바이티드,음식점 > 카페,02-794-3332,서울 용산구 한강로1가 221-8,서울 용산구 한강대로52길 41,37.53144088107144,126.97322045443698,YONGSAN_SAMGAKJI,http://place.map.kakao.com/285654982,용산 루프탑 카페,2026-09-08T21:15:27,,
KAKAO,26852037,폴바셋 한남커피스테이션로스트웍스,음식점 > 카페 > 커피전문점 > 폴바셋,02-792-8310,서울 용산구 한남동 257-13,서울 용산구 한남대로 48,37.533350151365,127.008195858679,YONGSAN_SAMGAKJI,http://place.map.kakao.com/26852037,용산 루프탑 카페,2026-09-08T21:15:27,,
KAKAO,1240018987,때가이르매 숙대점,음식점 > 카페 > 테마카페 > 디저트카페,070-4320-8495,서울 용산구 남영동 8-2,서울 용산구 두텁바위로 8,37.545074778148,126.97305036800032,YONGSAN_SAMGAKJI,http://place.map.kakao.com/1240018987,용산 루프탑 카페,2026-09-08T21:15:27,,
KAKAO,1245122800,카페남산아래,음식점 > 카페,,서울 용산구 용산동2가 1-528,서울 용산구 신흥로 94-1,37.545705791770494,126.98494990220203,YONGSAN_SAMGAKJI,http://place.map.kakao.com/1245122800,용산 루프탑 카페,2026-09-08T21:15:27,,
KAKAO,469724609,쉘터 해방촌,음식점 > 카페,0503-7151-8980,서울 용산구 용산동2가 19-11,서울 용산구 신흥로11길 49-12,37.5446516920896,126.985504583588,YONGSAN_SAMGAKJI,http://place.map.kakao.com/469724609,용산 루프탑 카페,2026-09-08T21:15:28,,
KAKAO,214831310,S.caf,음식점 > 카페,010-2238-7912,서울 용산구 용산동2가 14-3,서울 용산구 소월로26길 12,37.5454033064289,126.987062626089,YONGSAN_SAMGAKJI,http://place.map.kakao.com/214831310,용산 루프탑 카페,2026-09-08T21:15:28,,
KAKAO,1978415596,빌라커피,음식점 > 카페,070-8161-8019,서울 용산구 용산동2가 1,서울 용산구 신흥로 101-9,37.5446966669096,126.984904842228,YONGSAN_SAMGAKJI,http://place.map.kakao.com/1978415596,용산 루프탑 카페,2026-09-08T21:15:28,,
KAKAO,578126950,모닝사이드카페,음식점 > 카페,,서울 용산구 한강로2가 61,서울 용산구 한강대로40길 39-11,37.5307071482209,126.971854034322,YONGSAN_SAMGAKJI,http://place.map.kakao.com/578126950,용산 루프탑 카페,2026-09-08T21:15:28,,
KAKAO,21555431,에브리씽벗더히어로,음식점 > 카페,02-792-7909,서울 용산구 이태원동 210-68,서울 용산구 회나무로 62,37.5400933449703,126.993505181508,YONGSAN_SAMGAKJI,http://place.map.kakao.com/21555431,용산 루프탑 카페,2026-09-08T21:15:28,,
KAKAO,803550065,리암스카페바,음식점 > 카페,,서울 용산구 용산동2가 5-1119,서울 용산구 소월로20길 64,37.5439451465453,126.984239636664,YONGSAN_SAMGAKJI,http://place.map.kakao.com/803550065,용산 루프탑 카페,2026-09-08T21:15:28,,
KAKAO,2084318640,클리프 서울,음식점 > 카페,010-2603-8831,서울 용산구 후암동 406-56,서울 용산구 두텁바위로38길 29-17,37.54741124861967,126.98393110845993,YONGSAN_SAMGAKJI,http://place.map.kakao.com/2084318640,용산 루프탑 카페,2026-09-08T21:15:28,,
KAKAO,478103433,웰니스카페사유,음식점 > 카페,02-518-8219,서울 용산구 용산동2가 5-84,서울 용산구 신흥로 11,37.5396296181237,126.986328152322,YONGSAN_SAMGAKJI,http://place.map.kakao.com/478103433,용산 루프탑 카페,2026-09-08T21:15:28,,
KAKAO,2115286549,코제트,음식점 > 카페,02-2139-9011,서울 용산구 한남동 684-12,서울 용산구 대사관로5길 22,37.5352704672116,127.000579291447,YONGSAN_SAMGAKJI,http://place.map.kakao.com/2115286549,용산 루프탑 카페,2026-09-08T21:15:28,,
KAKAO,1118850411,아스티에드빌라트카페,음식점 > 카페,,서울 용산구 한남동 744-29,서울 용산구 이태원로49길 13,37.5370481424417,126.999705821579,YONGSAN_SAMGAKJI,http://place.map.kakao.com/1118850411,용산 루프탑 카페,2026-09-08T21:15:28,,
KAKAO,1609601152,리버브,음식점 > 카페,02-797-0011,서울 용산구 한강로3가 65-339,서울 용산구 한강대로10길 11-4,37.5240431153227,126.964356290939,YONGSAN_SAMGAKJI,http://place.map.kakao.com/1609601152,용산 루프탑 카페,2026-09-08T21:15:28,,
KAKAO,2053517065,아뜰리에남산,음식점 > 카페,0507-1485-0282,서울 용산구 용산동2가 34-20,서울 용산구 신흥로7길 51-5,37.5432785111853,126.985040914117,YONGSAN_SAMGAKJI,http://place.map.kakao.com/2053517065,용산 루프탑 카페,2026-09-08T21:15:28,,
KAKAO,685445756,도화아파트먼트 용산점,음식점 > 카페,070-7799-6985,서울 용산구 한강로2가 148-1,서울 용산구 한강대로38가길 31,37.53005284866531,126.97113926713664,YONGSAN_SAMGAKJI,http://place.map.kakao.com/685445756,용산 루프탑 카페,2026-09-08T21:15:28,,
KAKAO,801893852,보난자커피 한남점,음식점 > 카페 > 커피전문점 > 보난자커피,,서울 용산구 한남동 682-12,서울 용산구 이태원로54길 13,37.5377238731259,127.002172414098,YONGSAN_SAMGAKJI,http://place.map.kakao.com/801893852,용산 루프탑 카페,2026-09-08T21:15:28,,
KAKAO,1645884004,카페무니,음식점 > 카페,02-565-1592,서울 용산구 후암동 406-58,서울 용산구 신흥로20길 37,37.5471923059041,126.983931155458,YONGSAN_SAMGAKJI,http://place.map.kakao.com/1645884004,용산 루프탑 카페,2026-09-08T21:15:28,,
KAKAO,1845212264,마블베이크,음식점 > 카페,,서울 용산구 용산동5가 24-1,서울 용산구 서빙고로 69,37.52301655454006,126.97340446475381,YONGSAN_SAMGAKJI,http://place.map.kakao.com/1845212264,용산 루프탑 카페,2026-09-08T21:15:28,,
KAKAO,879954064,꼮 남산,음식점 > 카페,010-4200-6813,서울 용산구 용산동2가 5-1119,서울 용산구 소월로20길 64,37.5439667740009,126.984265657991,YONGSAN_SAMGAKJI,http://place.map.kakao.com/879954064,용산 루프탑 카페,2026-09-08T21:15:28,,
KAKAO,87183444,커피볶는시골커피 서울용산점,음식점 > 카페 > 커피전문점 > 커피볶는시골커피,0507-1348-7384,서울 용산구 원효로4가 125-2,서울 용산구 원효로 69-1,37.5329657148426,126.951632916958,YONGSAN_SAMGAKJI,http://place.map.kakao.com/87183444,용산 루프탑 카페,2026-09-08T21:15:28,,
KAKAO,510788595,마우카,음식점 > 카페,,서울 용산구 후암동 406-57,서울 용산구 신흥로20길 39,37.54727881285463,126.98401261281353,YONGSAN_SAMGAKJI,http://place.map.kakao.com/510788595,용산 루프탑 카페,2026-09-08T21:15:28,,
KAKAO,69739819,클럽하우스서울,음식점 > 카페,010-4045-4717,서울 용산구 한남동 66-4,서울 용산구 한남대로20길 7,37.5347233293476,127.007399489033,YONGSAN_SAMGAKJI,http://place.map.kakao.com/69739819,용산 루프탑 카페,2026-09-08T21:15:28,,
KAKAO,591970180,테이크 블랭크,음식점 > 카페,,서울 용산구 한남동 641-10,서울 용산구 대사관로30길 6-11,37.5327727741546,127.005322062678,YONGSAN_SAMGAKJI,http://place.map.kakao.com/591970180,용산 루프탑 카페,2026-09-08T21:15:28,,
KAKAO,764370388,드로우지,음식점 > 카페,,서울 용산구 이태원동 2-5,서울 용산구 회나무로 83,37.5409854293477,126.995541831055,YONGSAN_SAMGAKJI,http://place.map.kakao.com/764370388,용산 루프탑 카페,2026-09-08T21:15:28,,
KAKAO,737205089,오드시티,음식점 > 카페,0502-5554-4452,서울 용산구 후암동 406-114,서울 용산구 두텁바위로40길 28-14,37.5474977264161,126.983798691131,YONGSAN_SAMGAKJI,http://place.map.kakao.com/737205089,용산 루프탑 카페,2026-09-08T21:15:28,,
KAKAO,1932939730,해방공원(HB01),음식점 > 카페,02-6956-0157,서울 용산구 용산동2가 1-475,서울 용산구 신흥로 95-7,37.545397671294964,126.9851174382277,YONGSAN_SAMGAKJI,http://place.map.kakao.com/1932939730,용산 루프탑 카페,2026-09-08T21:15:28,,
KAKAO,26911803,엔와이84.8,음식점 > 카페,02-790-9103,서울 용산구 남영동 84-8,서울 용산구 한강대로 268,37.5422060024068,126.973078557438,YONGSAN_SAMGAKJI,http://place.map.kakao.com/26911803,삼각지 루프탑 카페,2026-09-08T21:15:28,,
KAKAO,859448387,카키바움,음식점 > 카페,02-790-6275,서울 용산구 한강로1가 225-1,서울 용산구 한강대로52길 29,37.531779547247,126.972738367243,YONGSAN_SAMGAKJI,http://place.map.kakao.com/859448387,삼각지 루프탑 카페,2026-09-08T21:15:28,,
KAKAO,26817378,컴컴베이커리카페,음식점 > 카페 > 테마카페 > 디저트카페,02-788-7365,서울 용산구 한강로2가 112-1,서울 용산구 한강대로44길 14,37.53081856304149,126.97058460505436,YONGSAN_SAMGAKJI,http://place.map.kakao.com/26817378,삼각지 루프탑 카페,2026-09-08T21:15:28,,
KAKAO,285654982,인바이티드,음식점 > 카페,02-794-3332,서울 용산구 한강로1가 221-8,서울 용산구 한강대로52길 41,37.53144088107144,126.97322045443698,YONGSAN_SAMGAKJI,http://place.map.kakao.com/285654982,삼각지 루프탑 카페,2026-09-08T21:15:28,,
KAKAO,1607376461,이스터서울,음식점 > 카페,010-4420-7692,서울 용산구 한강로2가 133,서울 용산구 한강대로 126-4,37.5307543653712,126.969688592871,YONGSAN_SAMGAKJI,http://place.map.kakao.com/1607376461,삼각지 루프탑 카페,2026-09-08T21:15:28,,
KAKAO,578126950,모닝사이드카페,음식점 > 카페,,서울 용산구 한강로2가 61,서울 용산구 한강대로40길 39-11,37.5307071482209,126.971854034322,YONGSAN_SAMGAKJI,http://place.map.kakao.com/578126950,삼각지 루프탑 카페,2026-09-08T21:15:28,,
KAKAO,1316697633,르몽블랑,음식점 > 카페 > 테마카페 > 디저트카페,070-8887-8200,서울 용산구 용산동2가 1-91,서울 용산구 신흥로 99-4,37.5448786623818,126.98485501628461,HAEBANGCHON_HUAM,http://place.map.kakao.com/1316697633,해방촌 루프탑 카페,2026-09-08T21:15:28,,
KAKAO,1698143190,오잇,음식점 > 카페 > 테마카페 > 디저트카페,0507-1418-2073,서울 용산구 용산동2가 1-471,서울 용산구 신흥로 95,37.54553552087409,126.98509138439792,HAEBANGCHON_HUAM,http://place.map.kakao.com/1698143190,해방촌 루프탑 카페,2026-09-08T21:15:28,,
KAKAO,1364425160,타자기,음식점 > 카페,010-4445-8918,서울 용산구 용산동2가 1-508,서울 용산구 신흥로 97-5,37.5452318575497,126.984882102732,HAEBANGCHON_HUAM,http://place.map.kakao.com/1364425160,해방촌 루프탑 카페,2026-09-08T21:15:28,,
KAKAO,27495682,오랑오랑,음식점 > 카페,02-3789-7007,서울 용산구 용산동2가 1-62,서울 용산구 소월로20길 26-14,37.54512916396182,126.98504167590829,HAEBANGCHON_HUAM,http://place.map.kakao.com/27495682,해방촌 루프탑 카페,2026-09-08T21:15:28,,
KAKAO,1245122800,카페남산아래,음식점 > 카페,,서울 용산구 용산동2가 1-528,서울 용산구 신흥로 94-1,37.545705791770494,126.98494990220203,HAEBANGCHON_HUAM,http://place.map.kakao.com/1245122800,해방촌 루프탑 카페,2026-09-08T21:15:28,,
KAKAO,469724609,쉘터 해방촌,음식점 > 카페,0503-7151-8980,서울 용산구 용산동2가 19-11,서울 용산구 신흥로11길 49-12,37.5446516920896,126.985504583588,HAEBANGCHON_HUAM,http://place.map.kakao.com/469724609,해방촌 루프탑 카페,2026-09-08T21:15:28,,
KAKAO,214831310,S.caf,음식점 > 카페,010-2238-7912,서울 용산구 용산동2가 14-3,서울 용산구 소월로26길 12,37.5454033064289,126.987062626089,HAEBANGCHON_HUAM,http://place.map.kakao.com/214831310,해방촌 루프탑 카페,2026-09-08T21:15:28,,
KAKAO,1978415596,빌라커피,음식점 > 카페,070-8161-8019,서울 용산구 용산동2가 1,서울 용산구 신흥로 101-9,37.5446966669096,126.984904842228,HAEBANGCHON_HUAM,http://place.map.kakao.com/1978415596,해방촌 루프탑 카페,2026-09-08T21:15:28,,
KAKAO,803550065,리암스카페바,음식점 > 카페,,서울 용산구 용산동2가 5-1119,서울 용산구 소월로20길 64,37.5439451465453,126.984239636664,HAEBANGCHON_HUAM,http://place.map.kakao.com/803550065,해방촌 루프탑 카페,2026-09-08T21:15:28,,
KAKAO,2084318640,클리프 서울,음식점 > 카페,010-2603-8831,서울 용산구 후암동 406-56,서울 용산구 두텁바위로38길 29-17,37.54741124861967,126.98393110845993,HAEBANGCHON_HUAM,http://place.map.kakao.com/2084318640,해방촌 루프탑 카페,2026-09-08T21:15:28,,
KAKAO,478103433,웰니스카페사유,음식점 > 카페,02-518-8219,서울 용산구 용산동2가 5-84,서울 용산구 신흥로 11,37.5396296181237,126.986328152322,HAEBANGCHON_HUAM,http://place.map.kakao.com/478103433,해방촌 루프탑 카페,2026-09-08T21:15:28,,
KAKAO,2053517065,아뜰리에남산,음식점 > 카페,0507-1485-0282,서울 용산구 용산동2가 34-20,서울 용산구 신흥로7길 51-5,37.5432785111853,126.985040914117,HAEBANGCHON_HUAM,http://place.map.kakao.com/2053517065,해방촌 루프탑 카페,2026-09-08T21:15:28,,
KAKAO,1645884004,카페무니,음식점 > 카페,02-565-1592,서울 용산구 후암동 406-58,서울 용산구 신흥로20길 37,37.5471923059041,126.983931155458,HAEBANGCHON_HUAM,http://place.map.kakao.com/1645884004,해방촌 루프탑 카페,2026-09-08T21:15:28,,
KAKAO,879954064,꼮 남산,음식점 > 카페,010-4200-6813,서울 용산구 용산동2가 5-1119,서울 용산구 소월로20길 64,37.5439667740009,126.984265657991,HAEBANGCHON_HUAM,http://place.map.kakao.com/879954064,해방촌 루프탑 카페,2026-09-08T21:15:28,,
KAKAO,510788595,마우카,음식점 > 카페,,서울 용산구 후암동 406-57,서울 용산구 신흥로20길 39,37.54727881285463,126.98401261281353,HAEBANGCHON_HUAM,http://place.map.kakao.com/510788595,해방촌 루프탑 카페,2026-09-08T21:15:28,,
KAKAO,19615417,서울루덴스,음식점 > 카페,02-795-4151,서울 용산구 이태원동 5-12,서울 용산구 회나무로 69,37.5404177441095,126.994260999632,HAEBANGCHON_HUAM,http://place.map.kakao.com/19615417,해방촌 루프탑 카페,2026-09-08T21:15:28,,
KAKAO,21555431,에브리씽벗더히어로,음식점 > 카페,02-792-7909,서울 용산구 이태원동 210-68,서울 용산구 회나무로 62,37.5400933449703,126.993505181508,HAEBANGCHON_HUAM,http://place.map.kakao.com/21555431,해방촌 루프탑 카페,2026-09-08T21:15:28,,
KAKAO,26911803,엔와이84.8,음식점 > 카페,02-790-9103,서울 용산구 남영동 84-8,서울 용산구 한강대로 268,37.5422060024068,126.973078557438,HAEBANGCHON_HUAM,http://place.map.kakao.com/26911803,해방촌 루프탑 카페,2026-09-08T21:15:28,,
KAKAO,1240018987,때가이르매 숙대점,음식점 > 카페 > 테마카페 > 디저트카페,070-4320-8495,서울 용산구 남영동 8-2,서울 용산구 두텁바위로 8,37.545074778148,126.97305036800032,HAEBANGCHON_HUAM,http://place.map.kakao.com/1240018987,해방촌 루프탑 카페,2026-09-08T21:15:28,,
KAKAO,1886309015,콩카페 이태원점,음식점 > 카페 > 커피전문점 > 콩카페,070-7717-0333,서울 용산구 이태원동 34-54,서울 용산구 녹사평대로 168-8,37.53324004328261,126.98945989685845,HAEBANGCHON_HUAM,http://place.map.kakao.com/1886309015,해방촌 루프탑 카페,2026-09-08T21:15:28,,
KAKAO,764370388,드로우지,음식점 > 카페,,서울 용산구 이태원동 2-5,서울 용산구 회나무로 83,37.5409854293477,126.995541831055,HAEBANGCHON_HUAM,http://place.map.kakao.com/764370388,해방촌 루프탑 카페,2026-09-08T21:15:28,,
KAKAO,1746130456,아트몬,음식점 > 카페,010-9893-2393,서울 중구 남산동2가 49-14,서울 중구 퇴계로20나길 42,37.5573449187487,126.985201076369,HAEBANGCHON_HUAM,http://place.map.kakao.com/1746130456,해방촌 루프탑 카페,2026-09-08T21:15:28,,
KAKAO,1118850411,아스티에드빌라트카페,음식점 > 카페,,서울 용산구 한남동 744-29,서울 용산구 이태원로49길 13,37.5370481424417,126.999705821579,HAEBANGCHON_HUAM,http://place.map.kakao.com/1118850411,해방촌 루프탑 카페,2026-09-08T21:15:28,,
KAKAO,711864705,맥심플랜트,음식점 > 카페,070-4287-8557,서울 용산구 한남동 683-140,서울 용산구 이태원로 250,37.53698957357094,127.00099681148605,HAEBANGCHON_HUAM,http://place.map.kakao.com/711864705,해방촌 루프탑 카페,2026-09-08T21:15:28,,
KAKAO,859448387,카키바움,음식점 > 카페,02-790-6275,서울 용산구 한강로1가 225-1,서울 용산구 한강대로52길 29,37.531779547247,126.972738367243,HAEBANGCHON_HUAM,http://place.map.kakao.com/859448387,해방촌 루프탑 카페,2026-09-08T21:15:28,,
KAKAO,285654982,인바이티드,음식점 > 카페,02-794-3332,서울 용산구 한강로1가 221-8,서울 용산구 한강대로52길 41,37.53144088107144,126.97322045443698,HAEBANGCHON_HUAM,http://place.map.kakao.com/285654982,해방촌 루프탑 카페,2026-09-08T21:15:28,,
KAKAO,2128655244,로이터,음식점 > 카페,,서울 중구 필동3가 62-11,서울 중구 필동로 53,37.55673490043307,126.99594832404023,HAEBANGCHON_HUAM,http://place.map.kakao.com/2128655244,해방촌 루프탑 카페,2026-09-08T21:15:28,,
KAKAO,26817378,컴컴베이커리카페,음식점 > 카페 > 테마카페 > 디저트카페,02-788-7365,서울 용산구 한강로2가 112-1,서울 용산구 한강대로44길 14,37.53081856304149,126.97058460505436,HAEBANGCHON_HUAM,http://place.map.kakao.com/26817378,해방촌 루프탑 카페,2026-09-08T21:15:28,,
KAKAO,2115286549,코제트,음식점 > 카페,02-2139-9011,서울 용산구 한남동 684-12,서울 용산구 대사관로5길 22,37.5352704672116,127.000579291447,HAEBANGCHON_HUAM,http://place.map.kakao.com/2115286549,해방촌 루프탑 카페,2026-09-08T21:15:28,,
KAKAO,801893852,보난자커피 한남점,음식점 > 카페 > 커피전문점 > 보난자커피,,서울 용산구 한남동 682-12,서울 용산구 이태원로54길 13,37.5377238731259,127.002172414098,HAEBANGCHON_HUAM,http://place.map.kakao.com/801893852,해방촌 루프탑 카페,2026-09-08T21:15:28,,
KAKAO,1607376461,이스터서울,음식점 > 카페,010-4420-7692,서울 용산구 한강로2가 133,서울 용산구 한강대로 126-4,37.5307543653712,126.969688592871,HAEBANGCHON_HUAM,http://place.map.kakao.com/1607376461,해방촌 루프탑 카페,2026-09-08T21:15:28,,
KAKAO,578126950,모닝사이드카페,음식점 > 카페,,서울 용산구 한강로2가 61,서울 용산구 한강대로40길 39-11,37.5307071482209,126.971854034322,HAEBANGCHON_HUAM,http://place.map.kakao.com/578126950,해방촌 루프탑 카페,2026-09-08T21:15:28,,
KAKAO,1491457111,미오앤나나,음식점 > 카페 > 커피전문점,0503-7151-7541,서울 중구 남학동 18,서울 중구 퇴계로28길 8-5,37.56044944175061,126.99104625707058,HAEBANGCHON_HUAM,http://place.map.kakao.com/1491457111,해방촌 루프탑 카페,2026-09-08T21:15:28,,
KAKAO,1185361619,파인즈,음식점 > 카페 > 커피전문점,02-318-4005,서울 중구 명동1가 1-3,서울 중구 명동길 73,37.56424847368204,126.98616858874772,HAEBANGCHON_HUAM,http://place.map.kakao.com/1185361619,해방촌 루프탑 카페,2026-09-08T21:15:28,,
KAKAO,685445756,도화아파트먼트 용산점,음식점 > 카페,070-7799-6985,서울 용산구 한강로2가 148-1,서울 용산구 한강대로38가길 31,37.53005284866531,126.97113926713664,HAEBANGCHON_HUAM,http://place.map.kakao.com/685445756,해방촌 루프탑 카페,2026-09-08T21:15:28,,
KAKAO,1069892792,팀앤메리,음식점 > 카페,,서울 중구 필동1가 3-17,서울 중구 퇴계로27길 12-3,37.5617964880173,126.991819135497,HAEBANGCHON_HUAM,http://place.map.kakao.com/1069892792,해방촌 루프탑 카페,2026-09-08T21:15:28,,
KAKAO,26852037,폴바셋 한남커피스테이션로스트웍스,음식점 > 카페 > 커피전문점 > 폴바셋,02-792-8310,서울 용산구 한남동 257-13,서울 용산구 한남대로 48,37.533350151365,127.008195858679,HAEBANGCHON_HUAM,http://place.map.kakao.com/26852037,해방촌 루프탑 카페,2026-09-08T21:15:28,,
KAKAO,662216597,향월재카페,음식점 > 카페,,서울 중구 신당동 826-40,서울 중구 동호로17길 83,37.555000394597045,127.00605021163163,HAEBANGCHON_HUAM,http://place.map.kakao.com/662216597,해방촌 루프탑 카페,2026-09-08T21:15:28,,
KAKAO,2039117711,카페느티,음식점 > 카페,02-2261-3323,서울 중구 을지로2가 101-21,서울 중구 을지로 97,37.5663732932058,126.98871270452017,HAEBANGCHON_HUAM,http://place.map.kakao.com/2039117711,해방촌 루프탑 카페,2026-09-08T21:15:28,,
KAKAO,1531032887,명동아지트,음식점 > 카페,02-778-6080,서울 중구 충무로2가 66-9,서울 중구 명동8가길 7,37.56176073034472,126.98540393220809,HAEBANGCHON_HUAM,http://place.map.kakao.com/1531032887,해방촌 루프탑 카페,2026-09-08T21:15:28,,
KAKAO,557230756,바캉스커피,음식점 > 카페,070-8803-2326,서울 중구 다동 117,서울 중구 남대문로9길 12,37.5668986043999,126.981753662216,HAEBANGCHON_HUAM,http://place.map.kakao.com/557230756,해방촌 루프탑 카페,2026-09-08T21:15:28,,
KAKAO,10405822,반쥴,음식점 > 카페 > 커피전문점,02-735-5437,서울 종로구 관철동 12-16,서울 종로구 삼일대로17길 23,37.5690615964593,126.986190337567,HAEBANGCHON_HUAM,http://place.map.kakao.com/10405822,해방촌 루프탑 카페,2026-09-08T21:15:28,,
KAKAO,69739819,클럽하우스서울,음식점 > 카페,010-4045-4717,서울 용산구 한남동 66-4,서울 용산구 한남대로20길 7,37.5347233293476,127.007399489033,HAEBANGCHON_HUAM,http://place.map.kakao.com/69739819,해방촌 루프탑 카페,2026-09-08T21:15:28,,
KAKAO,324146172,카페 카다로그,음식점 > 카페,010-2547-1868,서울 중구 을지로2가 101-2,서울 중구 을지로 105,37.566429232264,126.989552565663,HAEBANGCHON_HUAM,http://place.map.kakao.com/324146172,해방촌 루프탑 카페,2026-09-08T21:15:28,,
KAKAO,591970180,테이크 블랭크,음식점 > 카페,,서울 용산구 한남동 641-10,서울 용산구 대사관로30길 6-11,37.5327727741546,127.005322062678,HAEBANGCHON_HUAM,http://place.map.kakao.com/591970180,해방촌 루프탑 카페,2026-09-08T21:15:28,,
KAKAO,2084318640,클리프 서울,음식점 > 카페,010-2603-8831,서울 용산구 후암동 406-56,서울 용산구 두텁바위로38길 29-17,37.54741124861967,126.98393110845993,HAEBANGCHON_HUAM,http://place.map.kakao.com/2084318640,후암동 루프탑 카페,2026-09-08T21:15:28,,
KAKAO,1645884004,카페무니,음식점 > 카페,02-565-1592,서울 용산구 후암동 406-58,서울 용산구 신흥로20길 37,37.5471923059041,126.983931155458,HAEBANGCHON_HUAM,http://place.map.kakao.com/1645884004,후암동 루프탑 카페,2026-09-08T21:15:28,,
KAKAO,510788595,마우카,음식점 > 카페,,서울 용산구 후암동 406-57,서울 용산구 신흥로20길 39,37.54727881285463,126.98401261281353,HAEBANGCHON_HUAM,http://place.map.kakao.com/510788595,후암동 루프탑 카페,2026-09-08T21:15:28,,
KAKAO,1240018987,때가이르매 숙대점,음식점 > 카페 > 테마카페 > 디저트카페,070-4320-8495,서울 용산구 남영동 8-2,서울 용산구 두텁바위로 8,37.545074778148,126.97305036800032,HAEBANGCHON_HUAM,http://place.map.kakao.com/1240018987,후암동 루프탑 카페,2026-09-08T21:15:28,,
KAKAO,1316697633,르몽블랑,음식점 > 카페 > 테마카페 > 디저트카페,070-8887-8200,서울 용산구 용산동2가 1-91,서울 용산구 신흥로 99-4,37.5448786623818,126.98485501628461,HAEBANGCHON_HUAM,http://place.map.kakao.com/1316697633,후암동 루프탑 카페,2026-09-08T21:15:28,,
KAKAO,1698143190,오잇,음식점 > 카페 > 테마카페 > 디저트카페,0507-1418-2073,서울 용산구 용산동2가 1-471,서울 용산구 신흥로 95,37.54553552087409,126.98509138439792,HAEBANGCHON_HUAM,http://place.map.kakao.com/1698143190,후암동 루프탑 카페,2026-09-08T21:15:28,,
KAKAO,1364425160,타자기,음식점 > 카페,010-4445-8918,서울 용산구 용산동2가 1-508,서울 용산구 신흥로 97-5,37.5452318575497,126.984882102732,HAEBANGCHON_HUAM,http://place.map.kakao.com/1364425160,후암동 루프탑 카페,2026-09-08T21:15:28,,
KAKAO,27495682,오랑오랑,음식점 > 카페,02-3789-7007,서울 용산구 용산동2가 1-62,서울 용산구 소월로20길 26-14,37.54512916396182,126.98504167590829,HAEBANGCHON_HUAM,http://place.map.kakao.com/27495682,후암동 루프탑 카페,2026-09-08T21:15:28,,
KAKAO,1245122800,카페남산아래,음식점 > 카페,,서울 용산구 용산동2가 1-528,서울 용산구 신흥로 94-1,37.545705791770494,126.98494990220203,HAEBANGCHON_HUAM,http://place.map.kakao.com/1245122800,후암동 루프탑 카페,2026-09-08T21:15:28,,
KAKAO,1978415596,빌라커피,음식점 > 카페,070-8161-8019,서울 용산구 용산동2가 1,서울 용산구 신흥로 101-9,37.5446966669096,126.984904842228,HAEBANGCHON_HUAM,http://place.map.kakao.com/1978415596,후암동 루프탑 카페,2026-09-08T21:15:28,,
KAKAO,803550065,리암스카페바,음식점 > 카페,,서울 용산구 용산동2가 5-1119,서울 용산구 소월로20길 64,37.5439451465453,126.984239636664,HAEBANGCHON_HUAM,http://place.map.kakao.com/803550065,후암동 루프탑 카페,2026-09-08T21:15:28,,
KAKAO,469724609,쉘터 해방촌,음식점 > 카페,0503-7151-8980,서울 용산구 용산동2가 19-11,서울 용산구 신흥로11길 49-12,37.5446516920896,126.985504583588,HAEBANGCHON_HUAM,http://place.map.kakao.com/469724609,후암동 루프탑 카페,2026-09-08T21:15:28,,
KAKAO,26911803,엔와이84.8,음식점 > 카페,02-790-9103,서울 용산구 남영동 84-8,서울 용산구 한강대로 268,37.5422060024068,126.973078557438,HAEBANGCHON_HUAM,http://place.map.kakao.com/26911803,후암동 루프탑 카페,2026-09-08T21:15:28,,
KAKAO,879954064,꼮 남산,음식점 > 카페,010-4200-6813,서울 용산구 용산동2가 5-1119,서울 용산구 소월로20길 64,37.5439667740009,126.984265657991,HAEBANGCHON_HUAM,http://place.map.kakao.com/879954064,후암동 루프탑 카페,2026-09-08T21:15:28,,
KAKAO,214831310,S.caf,음식점 > 카페,010-2238-7912,서울 용산구 용산동2가 14-3,서울 용산구 소월로26길 12,37.5454033064289,126.987062626089,HAEBANGCHON_HUAM,http://place.map.kakao.com/214831310,후암동 루프탑 카페,2026-09-08T21:15:28,,
KAKAO,2053517065,아뜰리에남산,음식점 > 카페,0507-1485-0282,서울 용산구 용산동2가 34-20,서울 용산구 신흥로7길 51-5,37.5432785111853,126.985040914117,HAEBANGCHON_HUAM,http://place.map.kakao.com/2053517065,후암동 루프탑 카페,2026-09-08T21:15:28,,
KAKAO,478103433,웰니스카페사유,음식점 > 카페,02-518-8219,서울 용산구 용산동2가 5-84,서울 용산구 신흥로 11,37.5396296181237,126.986328152322,HAEBANGCHON_HUAM,http://place.map.kakao.com/478103433,후암동 루프탑 카페,2026-09-08T21:15:28,,
KAKAO,1746130456,아트몬,음식점 > 카페,010-9893-2393,서울 중구 남산동2가 49-14,서울 중구 퇴계로20나길 42,37.5573449187487,126.985201076369,HAEBANGCHON_HUAM,http://place.map.kakao.com/1746130456,후암동 루프탑 카페,2026-09-08T21:15:28,,
KAKAO,1531032887,명동아지트,음식점 > 카페,02-778-6080,서울 중구 충무로2가 66-9,서울 중구 명동8가길 7,37.56176073034472,126.98540393220809,HAEBANGCHON_HUAM,http://place.map.kakao.com/1531032887,후암동 루프탑 카페,2026-09-08T21:15:28,,
KAKAO,19615417,서울루덴스,음식점 > 카페,02-795-4151,서울 용산구 이태원동 5-12,서울 용산구 회나무로 69,37.5404177441095,126.994260999632,HAEBANGCHON_HUAM,http://place.map.kakao.com/19615417,후암동 루프탑 카페,2026-09-08T21:15:28,,
KAKAO,21555431,에브리씽벗더히어로,음식점 > 카페,02-792-7909,서울 용산구 이태원동 210-68,서울 용산구 회나무로 62,37.5400933449703,126.993505181508,HAEBANGCHON_HUAM,http://place.map.kakao.com/21555431,후암동 루프탑 카페,2026-09-08T21:15:28,,
KAKAO,711864705,맥심플랜트,음식점 > 카페,070-4287-8557,서울 용산구 한남동 683-140,서울 용산구 이태원로 250,37.53698957357094,127.00099681148605,HAEBANGCHON_HUAM,http://place.map.kakao.com/711864705,후암동 루프탑 카페,2026-09-08T21:15:28,,
KAKAO,859448387,카키바움,음식점 > 카페,02-790-6275,서울 용산구 한강로1가 225-1,서울 용산구 한강대로52길 29,37.531779547247,126.972738367243,HAEBANGCHON_HUAM,http://place.map.kakao.com/859448387,후암동 루프탑 카페,2026-09-08T21:15:28,,
KAKAO,1886309015,콩카페 이태원점,음식점 > 카페 > 커피전문점 > 콩카페,070-7717-0333,서울 용산구 이태원동 34-54,서울 용산구 녹사평대로 168-8,37.53324004328261,126.98945989685845,HAEBANGCHON_HUAM,http://place.map.kakao.com/1886309015,후암동 루프탑 카페,2026-09-08T21:15:28,,
KAKAO,10405822,반쥴,음식점 > 카페 > 커피전문점,02-735-5437,서울 종로구 관철동 12-16,서울 종로구 삼일대로17길 23,37.5690615964593,126.986190337567,HAEBANGCHON_HUAM,http://place.map.kakao.com/10405822,후암동 루프탑 카페,2026-09-08T21:15:28,,
KAKAO,1491457111,미오앤나나,음식점 > 카페 > 커피전문점,0503-7151-7541,서울 중구 남학동 18,서울 중구 퇴계로28길 8-5,37.56044944175061,126.99104625707058,HAEBANGCHON_HUAM,http://place.map.kakao.com/1491457111,후암동 루프탑 카페,2026-09-08T21:15:28,,
KAKAO,1185361619,파인즈,음식점 > 카페 > 커피전문점,02-318-4005,서울 중구 명동1가 1-3,서울 중구 명동길 73,37.56424847368204,126.98616858874772,HAEBANGCHON_HUAM,http://place.map.kakao.com/1185361619,후암동 루프탑 카페,2026-09-08T21:15:28,,
KAKAO,285654982,인바이티드,음식점 > 카페,02-794-3332,서울 용산구 한강로1가 221-8,서울 용산구 한강대로52길 41,37.53144088107144,126.97322045443698,HAEBANGCHON_HUAM,http://place.map.kakao.com/285654982,후암동 루프탑 카페,2026-09-08T21:15:28,,
KAKAO,26817378,컴컴베이커리카페,음식점 > 카페 > 테마카페 > 디저트카페,02-788-7365,서울 용산구 한강로2가 112-1,서울 용산구 한강대로44길 14,37.53081856304149,126.97058460505436,HAEBANGCHON_HUAM,http://place.map.kakao.com/26817378,후암동 루프탑 카페,2026-09-08T21:15:28,,
KAKAO,2128655244,로이터,음식점 > 카페,,서울 중구 필동3가 62-11,서울 중구 필동로 53,37.55673490043307,126.99594832404023,HAEBANGCHON_HUAM,http://place.map.kakao.com/2128655244,후암동 루프탑 카페,2026-09-08T21:15:28,,
KAKAO,2039117711,카페느티,음식점 > 카페,02-2261-3323,서울 중구 을지로2가 101-21,서울 중구 을지로 97,37.5663732932058,126.98871270452017,HAEBANGCHON_HUAM,http://place.map.kakao.com/2039117711,후암동 루프탑 카페,2026-09-08T21:15:29,,
KAKAO,1607376461,이스터서울,음식점 > 카페,010-4420-7692,서울 용산구 한강로2가 133,서울 용산구 한강대로 126-4,37.5307543653712,126.969688592871,HAEBANGCHON_HUAM,http://place.map.kakao.com/1607376461,후암동 루프탑 카페,2026-09-08T21:15:29,,
KAKAO,557230756,바캉스커피,음식점 > 카페,070-8803-2326,서울 중구 다동 117,서울 중구 남대문로9길 12,37.5668986043999,126.981753662216,HAEBANGCHON_HUAM,http://place.map.kakao.com/557230756,후암동 루프탑 카페,2026-09-08T21:15:29,,
KAKAO,578126950,모닝사이드카페,음식점 > 카페,,서울 용산구 한강로2가 61,서울 용산구 한강대로40길 39-11,37.5307071482209,126.971854034322,HAEBANGCHON_HUAM,http://place.map.kakao.com/578126950,후암동 루프탑 카페,2026-09-08T21:15:29,,
KAKAO,1069892792,팀앤메리,음식점 > 카페,,서울 중구 필동1가 3-17,서울 중구 퇴계로27길 12-3,37.5617964880173,126.991819135497,HAEBANGCHON_HUAM,http://place.map.kakao.com/1069892792,후암동 루프탑 카페,2026-09-08T21:15:29,,
KAKAO,324146172,카페 카다로그,음식점 > 카페,010-2547-1868,서울 중구 을지로2가 101-2,서울 중구 을지로 105,37.566429232264,126.989552565663,HAEBANGCHON_HUAM,http://place.map.kakao.com/324146172,후암동 루프탑 카페,2026-09-08T21:15:29,,
KAKAO,685445756,도화아파트먼트 용산점,음식점 > 카페,070-7799-6985,서울 용산구 한강로2가 148-1,서울 용산구 한강대로38가길 31,37.53005284866531,126.97113926713664,HAEBANGCHON_HUAM,http://place.map.kakao.com/685445756,후암동 루프탑 카페,2026-09-08T21:15:29,,
KAKAO,764370388,드로우지,음식점 > 카페,,서울 용산구 이태원동 2-5,서울 용산구 회나무로 83,37.5409854293477,126.995541831055,HAEBANGCHON_HUAM,http://place.map.kakao.com/764370388,후암동 루프탑 카페,2026-09-08T21:15:29,,
KAKAO,1324691446,카페 피에노,음식점 > 카페,02-365-7992,서울 서대문구 북아현동 1000-1,서울 서대문구 신촌로37길 16,37.5578192708453,126.957336819383,HAEBANGCHON_HUAM,http://place.map.kakao.com/1324691446,후암동 루프탑 카페,2026-09-08T21:15:29,,
KAKAO,1118850411,아스티에드빌라트카페,음식점 > 카페,,서울 용산구 한남동 744-29,서울 용산구 이태원로49길 13,37.5370481424417,126.999705821579,HAEBANGCHON_HUAM,http://place.map.kakao.com/1118850411,후암동 루프탑 카페,2026-09-08T21:15:29,,
KAKAO,2115286549,코제트,음식점 > 카페,02-2139-9011,서울 용산구 한남동 684-12,서울 용산구 대사관로5길 22,37.5352704672116,127.000579291447,HAEBANGCHON_HUAM,http://place.map.kakao.com/2115286549,후암동 루프탑 카페,2026-09-08T21:15:29,,
KAKAO,801893852,보난자커피 한남점,음식점 > 카페 > 커피전문점 > 보난자커피,,서울 용산구 한남동 682-12,서울 용산구 이태원로54길 13,37.5377238731259,127.002172414098,HAEBANGCHON_HUAM,http://place.map.kakao.com/801893852,후암동 루프탑 카페,2026-09-08T21:15:29,,
KAKAO,1156799842,을지커피,음식점 > 카페,010-3275-1444,서울 중구 저동2가 83-5,서울 중구 마른내로 11-12,37.5652155601551,126.989214302638,HAEBANGCHON_HUAM,http://place.map.kakao.com/1156799842,후암동 루프탑 카페,2026-09-08T21:15:29,,
KAKAO,662216597,향월재카페,음식점 > 카페,,서울 중구 신당동 826-40,서울 중구 동호로17길 83,37.555000394597045,127.00605021163163,HAEBANGCHON_HUAM,http://place.map.kakao.com/662216597,후암동 루프탑 카페,2026-09-08T21:15:29,,
KAKAO,1398571605,리제로 서울,음식점 > 카페,,서울 종로구 신문로2가 1-348,서울 종로구 경희궁3길 3-5,37.5729539965698,126.968095755928,HAEBANGCHON_HUAM,http://place.map.kakao.com/1398571605,후암동 루프탑 카페,2026-09-08T21:15:29,,
KAKAO,367830691,상국,음식점 > 카페,010-8956-5102,서울 종로구 원서동 134-10,서울 종로구 창덕궁길 47-7,37.5795656775501,126.988882792278,BUKCHON_SEOCHON,http://place.map.kakao.com/367830691,북촌 루프탑 카페,2026-09-08T21:15:29,,
KAKAO,844782189,동양차문화관,음식점 > 카페 > 전통찻집,,서울 종로구 삼청동 35-91,서울 종로구 북촌로11길 76,37.5838628003638,126.983592684909,BUKCHON_SEOCHON,http://place.map.kakao.com/844782189,북촌 루프탑 카페,2026-09-08T21:15:29,,
KAKAO,1245067143,그린마일커피 북촌점,음식점 > 카페,02-744-2404,서울 종로구 가회동 11-49,서울 종로구 북촌로 64,37.582385388268,126.985236878217,BUKCHON_SEOCHON,http://place.map.kakao.com/1245067143,북촌 루프탑 카페,2026-09-08T21:15:29,,
KAKAO,388079892,카페진선,음식점 > 카페,,서울 종로구 팔판동 150,서울 종로구 삼청로 59,37.5813827907419,126.980468561274,BUKCHON_SEOCHON,http://place.map.kakao.com/388079892,북촌 루프탑 카페,2026-09-08T21:15:29,,
KAKAO,8113742,파툼,음식점 > 카페,02-739-9888,서울 종로구 삼청동 63-15,서울 종로구 삼청로 86-5,37.583210275679,126.982175371656,BUKCHON_SEOCHON,http://place.map.kakao.com/8113742,북촌 루프탑 카페,2026-09-08T21:15:29,,
KAKAO,871897654,트마리,음식점 > 카페,010-8189-1071,서울 종로구 권농동 182-7,서울 종로구 서순라길 107-1,37.574965423667,126.991577704968,BUKCHON_SEOCHON,http://place.map.kakao.com/871897654,북촌 루프탑 카페,2026-09-08T21:15:29,,
KAKAO,1443952279,소진담 안녕인사동점,음식점 > 카페 > 테마카페 > 디저트카페,02-6952-4344,서울 종로구 관훈동 155-2,서울 종로구 인사동길 49,37.574467229154536,126.98355172967167,BUKCHON_SEOCHON,http://place.map.kakao.com/1443952279,북촌 루프탑 카페,2026-09-08T21:15:29,,
KAKAO,870916614,티퍼런스 서울,음식점 > 카페 > 테마카페 > 갤러리카페,02-745-1501,서울 종로구 묘동 141,서울 종로구 돈화문로 61,37.5739130138516,126.990930312073,BUKCHON_SEOCHON,http://place.map.kakao.com/870916614,북촌 루프탑 카페,2026-09-08T21:15:29,,
KAKAO,1640534397,타이거타이거,음식점 > 카페,02-747-1986,서울 종로구 와룡동 172-2,서울 종로구 삼일대로30길 56,37.57433466995089,126.99080800284575,BUKCHON_SEOCHON,http://place.map.kakao.com/1640534397,북촌 루프탑 카페,2026-09-08T21:15:29,,
KAKAO,1994892698,르프랑루프탑,음식점 > 카페,02-722-5655,서울 종로구 관훈동 21,서울 종로구 인사동길 34-1,37.5738584255132,126.985609861635,BUKCHON_SEOCHON,http://place.map.kakao.com/1994892698,북촌 루프탑 카페,2026-09-08T21:15:29,,
KAKAO,1146410842,담쟁이집,음식점 > 카페,,서울 종로구 견지동 82,서울 종로구 인사동11길 20,37.5738662787198,126.983645818862,BUKCHON_SEOCHON,http://place.map.kakao.com/1146410842,북촌 루프탑 카페,2026-09-08T21:15:29,,
KAKAO,1337001435,라르티스타,음식점 > 카페,02-3672-0060,서울 종로구 묘동 128-1,서울 종로구 돈화문로 60,37.57386078982401,126.99137972724151,BUKCHON_SEOCHON,http://place.map.kakao.com/1337001435,북촌 루프탑 카페,2026-09-08T21:15:29,,
KAKAO,1252870487,슈퍼샤이 스튜디오&카페,음식점 > 카페 > 테마카페 > 디저트카페,0502-5550-9611,서울 종로구 삼청동 27-28,서울 종로구 북촌로 137-17,37.586971967156096,126.98247790716187,BUKCHON_SEOCHON,http://place.map.kakao.com/1252870487,북촌 루프탑 카페,2026-09-08T21:15:29,,
KAKAO,1361315797,피엔에이 서촌,음식점 > 카페,0503-7153-6627,서울 종로구 통의동 7-17,서울 종로구 효자로7길 9,37.5788468937799,126.973311033549,BUKCHON_SEOCHON,http://place.map.kakao.com/1361315797,북촌 루프탑 카페,2026-09-08T21:15:29,,
KAKAO,10405822,반쥴,음식점 > 카페 > 커피전문점,02-735-5437,서울 종로구 관철동 12-16,서울 종로구 삼일대로17길 23,37.5690615964593,126.986190337567,BUKCHON_SEOCHON,http://place.map.kakao.com/10405822,북촌 루프탑 카페,2026-09-08T21:15:29,,
KAKAO,1105770594,플랫커피,음식점 > 카페,,서울 종로구 통의동 61-1,서울 종로구 자하문로 14-1,37.57748168271781,126.97241945206056,BUKCHON_SEOCHON,http://place.map.kakao.com/1105770594,북촌 루프탑 카페,2026-09-08T21:15:29,,
KAKAO,1822481162,카페랑솜,음식점 > 카페,02-742-2185,서울 종로구 명륜4가 83-1,서울 종로구 대학로11길 22,37.5823322510486,127.000430213367,BUKCHON_SEOCHON,http://place.map.kakao.com/1822481162,북촌 루프탑 카페,2026-09-08T21:15:29,,
KAKAO,600622971,카페뷰,음식점 > 카페,,서울 종로구 봉익동 40-1,서울 종로구 서순라길 27-5,37.5720084761953,126.993432227992,BUKCHON_SEOCHON,http://place.map.kakao.com/600622971,북촌 루프탑 카페,2026-09-08T21:15:29,,
KAKAO,1710534106,두채,음식점 > 카페 > 테마카페 > 디저트카페,070-4633-3825,서울 종로구 연건동 269,서울 종로구 율곡로13가길 8,37.5763496510846,127.000393953351,BUKCHON_SEOCHON,http://place.map.kakao.com/1710534106,북촌 루프탑 카페,2026-09-08T21:15:29,,
KAKAO,449373815,헤이븐,음식점 > 카페 > 테마카페 > 디저트카페,02-733-1531,서울 종로구 창성동 153-1,서울 종로구 자하문로 52-1,37.5807538531795,126.971411793473,BUKCHON_SEOCHON,http://place.map.kakao.com/449373815,북촌 루프탑 카페,2026-09-08T21:15:29,,
KAKAO,533666375,스푼 경복궁점,음식점 > 카페 > 테마카페 > 디저트카페,02-743-0919,서울 종로구 적선동 80,서울 종로구 사직로 130,37.57536725609763,126.97332133173451,BUKCHON_SEOCHON,http://place.map.kakao.com/533666375,북촌 루프탑 카페,2026-09-08T21:15:29,,
KAKAO,2039117711,카페느티,음식점 > 카페,02-2261-3323,서울 중구 을지로2가 101-21,서울 중구 을지로 97,37.5663732932058,126.98871270452017,BUKCHON_SEOCHON,http://place.map.kakao.com/2039117711,북촌 루프탑 카페,2026-09-08T21:15:29,,
KAKAO,557230756,바캉스커피,음식점 > 카페,070-8803-2326,서울 중구 다동 117,서울 중구 남대문로9길 12,37.5668986043999,126.981753662216,BUKCHON_SEOCHON,http://place.map.kakao.com/557230756,북촌 루프탑 카페,2026-09-08T21:15:29,,
KAKAO,2117692443,카페해화,음식점 > 카페,02-984-0320,서울 종로구 명륜4가 54-2,서울 종로구 대명1길 16-12,37.58297646216767,127.00003396450587,BUKCHON_SEOCHON,http://place.map.kakao.com/2117692443,북촌 루프탑 카페,2026-09-08T21:15:29,,
KAKAO,25977363,슬로스텝,음식점 > 카페 > 커피전문점,02-762-2229,서울 종로구 동숭동 1-76,서울 종로구 대학로8가길 89,37.58205289030275,127.00355490769638,BUKCHON_SEOCHON,http://place.map.kakao.com/25977363,북촌 루프탑 카페,2026-09-08T21:15:29,,
KAKAO,324146172,카페 카다로그,음식점 > 카페,010-2547-1868,서울 중구 을지로2가 101-2,서울 중구 을지로 105,37.566429232264,126.989552565663,BUKCHON_SEOCHON,http://place.map.kakao.com/324146172,북촌 루프탑 카페,2026-09-08T21:15:29,,
KAKAO,1398571605,리제로 서울,음식점 > 카페,,서울 종로구 신문로2가 1-348,서울 종로구 경희궁3길 3-5,37.5729539965698,126.968095755928,BUKCHON_SEOCHON,http://place.map.kakao.com/1398571605,북촌 루프탑 카페,2026-09-08T21:15:29,,
KAKAO,1427828053,퍼블릭가든,음식점 > 카페,0507-1375-3402,서울 종로구 예지동 269-25,서울 종로구 청계천로 199,37.5696606647617,126.999690978029,BUKCHON_SEOCHON,http://place.map.kakao.com/1427828053,북촌 루프탑 카페,2026-09-08T21:15:29,,
KAKAO,1003594221,심플리커피,음식점 > 카페,02-733-5123,서울 종로구 신문로2가 1-196,서울 종로구 경희궁1길 27,37.57218312090959,126.96951899211285,BUKCHON_SEOCHON,http://place.map.kakao.com/1003594221,북촌 루프탑 카페,2026-09-08T21:15:29,,
KAKAO,1185361619,파인즈,음식점 > 카페 > 커피전문점,02-318-4005,서울 중구 명동1가 1-3,서울 중구 명동길 73,37.56424847368204,126.98616858874772,BUKCHON_SEOCHON,http://place.map.kakao.com/1185361619,북촌 루프탑 카페,2026-09-08T21:15:29,,
KAKAO,27226023,카페트레블,음식점 > 카페,02-747-1056,서울 종로구 동숭동 129-215,서울 종로구 낙산3길 19-8,37.580003907709,127.006452999541,BUKCHON_SEOCHON,http://place.map.kakao.com/27226023,북촌 루프탑 카페,2026-09-08T21:15:29,,
KAKAO,1448715295,에이디디,음식점 > 카페 > 커피전문점,070-4209-7272,서울 중구 주교동 112,서울 중구 을지로27길 29,37.5681073445485,126.999001642057,BUKCHON_SEOCHON,http://place.map.kakao.com/1448715295,북촌 루프탑 카페,2026-09-08T21:15:29,,
KAKAO,728338956,인터미션,음식점 > 카페,070-8028-4687,서울 종로구 동숭동 129-130,서울 종로구 낙산길 21,37.5805373336675,127.005723964641,BUKCHON_SEOCHON,http://place.map.kakao.com/728338956,북촌 루프탑 카페,2026-09-08T21:15:29,,
KAKAO,1156799842,을지커피,음식점 > 카페,010-3275-1444,서울 중구 저동2가 83-5,서울 중구 마른내로 11-12,37.5652155601551,126.989214302638,BUKCHON_SEOCHON,http://place.map.kakao.com/1156799842,북촌 루프탑 카페,2026-09-08T21:15:29,,
KAKAO,1398571605,리제로 서울,음식점 > 카페,,서울 종로구 신문로2가 1-348,서울 종로구 경희궁3길 3-5,37.5729539965698,126.968095755928,BUKCHON_SEOCHON,http://place.map.kakao.com/1398571605,서촌 루프탑 카페,2026-09-08T21:15:29,,
KAKAO,1105770594,플랫커피,음식점 > 카페,,서울 종로구 통의동 61-1,서울 종로구 자하문로 14-1,37.57748168271781,126.97241945206056,BUKCHON_SEOCHON,http://place.map.kakao.com/1105770594,서촌 루프탑 카페,2026-09-08T21:15:29,,
KAKAO,449373815,헤이븐,음식점 > 카페 > 테마카페 > 디저트카페,02-733-1531,서울 종로구 창성동 153-1,서울 종로구 자하문로 52-1,37.5807538531795,126.971411793473,BUKCHON_SEOCHON,http://place.map.kakao.com/449373815,서촌 루프탑 카페,2026-09-08T21:15:29,,
KAKAO,1361315797,피엔에이 서촌,음식점 > 카페,0503-7153-6627,서울 종로구 통의동 7-17,서울 종로구 효자로7길 9,37.5788468937799,126.973311033549,BUKCHON_SEOCHON,http://place.map.kakao.com/1361315797,서촌 루프탑 카페,2026-09-08T21:15:29,,
KAKAO,533666375,스푼 경복궁점,음식점 > 카페 > 테마카페 > 디저트카페,02-743-0919,서울 종로구 적선동 80,서울 종로구 사직로 130,37.57536725609763,126.97332133173451,BUKCHON_SEOCHON,http://place.map.kakao.com/533666375,서촌 루프탑 카페,2026-09-08T21:15:29,,
KAKAO,388079892,카페진선,음식점 > 카페,,서울 종로구 팔판동 150,서울 종로구 삼청로 59,37.5813827907419,126.980468561274,BUKCHON_SEOCHON,http://place.map.kakao.com/388079892,서촌 루프탑 카페,2026-09-08T21:15:29,,
KAKAO,1003594221,심플리커피,음식점 > 카페,02-733-5123,서울 종로구 신문로2가 1-196,서울 종로구 경희궁1길 27,37.57218312090959,126.96951899211285,BUKCHON_SEOCHON,http://place.map.kakao.com/1003594221,서촌 루프탑 카페,2026-09-08T21:15:29,,
KAKAO,1245067143,그린마일커피 북촌점,음식점 > 카페,02-744-2404,서울 종로구 가회동 11-49,서울 종로구 북촌로 64,37.582385388268,126.985236878217,BUKCHON_SEOCHON,http://place.map.kakao.com/1245067143,서촌 루프탑 카페,2026-09-08T21:15:29,,
KAKAO,1443952279,소진담 안녕인사동점,음식점 > 카페 > 테마카페 > 디저트카페,02-6952-4344,서울 종로구 관훈동 155-2,서울 종로구 인사동길 49,37.574467229154536,126.98355172967167,BUKCHON_SEOCHON,http://place.map.kakao.com/1443952279,서촌 루프탑 카페,2026-09-08T21:15:29,,
KAKAO,10405822,반쥴,음식점 > 카페 > 커피전문점,02-735-5437,서울 종로구 관철동 12-16,서울 종로구 삼일대로17길 23,37.5690615964593,126.986190337567,BUKCHON_SEOCHON,http://place.map.kakao.com/10405822,서촌 루프탑 카페,2026-09-08T21:15:29,,
KAKAO,8113742,파툼,음식점 > 카페,02-739-9888,서울 종로구 삼청동 63-15,서울 종로구 삼청로 86-5,37.583210275679,126.982175371656,BUKCHON_SEOCHON,http://place.map.kakao.com/8113742,서촌 루프탑 카페,2026-09-08T21:15:29,,
KAKAO,1146410842,담쟁이집,음식점 > 카페,,서울 종로구 견지동 82,서울 종로구 인사동11길 20,37.5738662787198,126.983645818862,BUKCHON_SEOCHON,http://place.map.kakao.com/1146410842,서촌 루프탑 카페,2026-09-08T21:15:29,,
KAKAO,844782189,동양차문화관,음식점 > 카페 > 전통찻집,,서울 종로구 삼청동 35-91,서울 종로구 북촌로11길 76,37.5838628003638,126.983592684909,BUKCHON_SEOCHON,http://place.map.kakao.com/844782189,서촌 루프탑 카페,2026-09-08T21:15:29,,
KAKAO,557230756,바캉스커피,음식점 > 카페,070-8803-2326,서울 중구 다동 117,서울 중구 남대문로9길 12,37.5668986043999,126.981753662216,BUKCHON_SEOCHON,http://place.map.kakao.com/557230756,서촌 루프탑 카페,2026-09-08T21:15:29,,
KAKAO,1994892698,르프랑루프탑,음식점 > 카페,02-722-5655,서울 종로구 관훈동 21,서울 종로구 인사동길 34-1,37.5738584255132,126.985609861635,BUKCHON_SEOCHON,http://place.map.kakao.com/1994892698,서촌 루프탑 카페,2026-09-08T21:15:29,,
KAKAO,367830691,상국,음식점 > 카페,010-8956-5102,서울 종로구 원서동 134-10,서울 종로구 창덕궁길 47-7,37.5795656775501,126.988882792278,BUKCHON_SEOCHON,http://place.map.kakao.com/367830691,서촌 루프탑 카페,2026-09-08T21:15:29,,
KAKAO,1252870487,슈퍼샤이 스튜디오&카페,음식점 > 카페 > 테마카페 > 디저트카페,0502-5550-9611,서울 종로구 삼청동 27-28,서울 종로구 북촌로 137-17,37.586971967156096,126.98247790716187,BUKCHON_SEOCHON,http://place.map.kakao.com/1252870487,서촌 루프탑 카페,2026-09-08T21:15:29,,
KAKAO,871897654,트마리,음식점 > 카페,010-8189-1071,서울 종로구 권농동 182-7,서울 종로구 서순라길 107-1,37.574965423667,126.991577704968,BUKCHON_SEOCHON,http://place.map.kakao.com/871897654,서촌 루프탑 카페,2026-09-08T21:15:29,,
KAKAO,870916614,티퍼런스 서울,음식점 > 카페 > 테마카페 > 갤러리카페,02-745-1501,서울 종로구 묘동 141,서울 종로구 돈화문로 61,37.5739130138516,126.990930312073,BUKCHON_SEOCHON,http://place.map.kakao.com/870916614,서촌 루프탑 카페,2026-09-08T21:15:29,,
KAKAO,1640534397,타이거타이거,음식점 > 카페,02-747-1986,서울 종로구 와룡동 172-2,서울 종로구 삼일대로30길 56,37.57433466995089,126.99080800284575,BUKCHON_SEOCHON,http://place.map.kakao.com/1640534397,서촌 루프탑 카페,2026-09-08T21:15:29,,
KAKAO,1337001435,라르티스타,음식점 > 카페,02-3672-0060,서울 종로구 묘동 128-1,서울 종로구 돈화문로 60,37.57386078982401,126.99137972724151,BUKCHON_SEOCHON,http://place.map.kakao.com/1337001435,서촌 루프탑 카페,2026-09-08T21:15:29,,
KAKAO,1617745391,아리디,음식점 > 카페,070-7716-9259,서울 종로구 부암동 29-16,서울 종로구 백석동길 81,37.5944627543788,126.96901961059,BUKCHON_SEOCHON,http://place.map.kakao.com/1617745391,서촌 루프탑 카페,2026-09-08T21:15:29,,
KAKAO,600622971,카페뷰,음식점 > 카페,,서울 종로구 봉익동 40-1,서울 종로구 서순라길 27-5,37.5720084761953,126.993432227992,BUKCHON_SEOCHON,http://place.map.kakao.com/600622971,경복궁뷰 카페,2026-09-08T21:15:29,,
KAKAO,305362170,아더뷰,음식점 > 카페,,서울 종로구 계동 140-45,서울 종로구 창덕궁1길 36,37.57943937091472,126.98722768578598,BUKCHON_SEOCHON,http://place.map.kakao.com/305362170,경복궁뷰 카페,2026-09-08T21:15:29,,
KAKAO,1772325714,카페르뷰,음식점 > 카페 > 커피전문점,,서울 중구 쌍림동 151-9,서울 중구 퇴계로 282,37.5631112823025,127.003191815626,BUKCHON_SEOCHON,http://place.map.kakao.com/1772325714,경복궁뷰 카페,2026-09-08T21:15:29,,
