cafe_id,name,category,phone,address,road_address,latitude,longitude,region_code,kakao_place_id,kakao_url,naver_url,providers,matched_queries,raw_match_count
1,어라운드데이,음식점 > 카페,0502-5550-1282,서울 성동구 성수동1가 685-483,서울 성동구 서울숲2길 24-1,37.54686182777454,127.04126958888213,SEONGSU,1599571399,http://place.map.kakao.com/1599571399,,KAKAO,강남 루프탑 카페|성수 루프탑 카페|성수 옥상 카페,3
2,그린홀,음식점 > 카페 > 테마카페 > 디저트카페,0502-5553-2643,서울 성동구 성수동1가 656-947,서울 성동구 왕십리로 136,37.54969246914925,127.04456424080348,SEONGSU,107394253,http://place.map.kakao.com/107394253,,KAKAO,강남 루프탑 카페|성수 루프탑 카페|성수 옥상 카페,3
3,미디엄스톤,음식점 > 카페 > 커피전문점,0507-1383-7181,서울 성동구 성수동1가 656-711,서울 성동구 왕십리로10길 18-1,37.5465319115248,127.04652228819,SEONGSU,801186197,http://place.map.kakao.com/801186197,,KAKAO,강남 루프탑 카페|성수 루프탑 카페|성수 옥상 카페,3
4,비도커피,음식점 > 카페 > 테마카페 > 디저트카페,0503-7150-6244,서울 성동구 성수동1가 8-36,서울 성동구 왕십리로4길 24-7,37.5468237868867,127.046644682716,SEONGSU,1784371946,http://place.map.kakao.com/1784371946,,KAKAO,강남 루프탑 카페|성수 루프탑 카페|성수 옥상 카페,3
5,그린룸,음식점 > 카페 > 커피전문점,02-498-0729,서울 성동구 성수동1가 656-947,서울 성동구 왕십리로 136,37.5496933701539,127.04456424134,SEONGSU,1545128179,http://place.map.kakao.com/1545128179,,KAKAO,강남 루프탑 카페|성수 루프탑 카페|성수 옥상 카페,3
6,뉴앳던 성수,음식점 > 카페,070-4242-8111,서울 성동구 성수동1가 668-38,서울 성동구 왕십리로5길 9-20,37.5464715948163,127.044041788355,SEONGSU,1326702165,http://place.map.kakao.com/1326702165,,KAKAO,강남 루프탑 카페|성수 루프탑 카페|성수 옥상 카페,3
7,폴인레미유 성수점,음식점 > 카페,0507-1447-3597,서울 성동구 성수동1가 656-1004,서울 성동구 왕십리로14길 34-8,37.5483190697108,127.047584863802,SEONGSU,623541475,http://place.map.kakao.com/623541475,,KAKAO,성수 루프탑 카페|성수 옥상 카페,2
8,포레스트 성수,음식점 > 카페,,서울 성동구 성수동1가 668-5,서울 성동구 서울숲6길 13,37.5477081280765,127.043058009515,SEONGSU,206623819,http://place.map.kakao.com/206623819,,KAKAO,성수 루프탑 카페|성수 옥상 카페,2
9,옹근달,음식점 > 카페,02-499-5012,서울 성동구 성수동2가 333-52,서울 성동구 성수이로7길 41-1,37.54271255358584,127.05299006599826,SEONGSU,547570065,http://place.map.kakao.com/547570065,,KAKAO,강남 루프탑 카페|성수 루프탑 카페|성수 옥상 카페,3
10,성수동대림창고갤러리,음식점 > 카페 > 테마카페 > 갤러리카페,0507-1390-9669,서울 성동구 성수동2가 322-32,서울 성동구 성수이로 78,37.54171994709006,127.05624815815919,SEONGSU,1128989913,http://place.map.kakao.com/1128989913,,KAKAO,강남 루프탑 카페|성수 루프탑 카페|성수 옥상 카페,3
11,LOOOP 루프 베이커리 카페,음식점 > 카페 > 테마카페 > 디저트카페,070-7740-2020,서울 성동구 성수동2가 302-43,서울 성동구 연무장5길 9-13,37.5442084621098,127.052431000827,SEONGSU,1225156919,http://place.map.kakao.com/1225156919,,KAKAO,강남 루프탑 카페|성수 루프탑 카페|성수 옥상 카페,3
12,뷰376카페,음식점 > 카페,,서울 강남구 압구정동 376-1,,37.531416532105254,127.04226573399961,SEONGSU,534862116,http://place.map.kakao.com/534862116,,KAKAO,강남 루프탑 카페|성수 루프탑 카페|성수 옥상 카페|여의도 한강뷰 카페,4
13,토키노,음식점 > 카페,02-3409-1020,서울 성동구 성수동2가 315-28,서울 성동구 연무장5가길 22,37.5433026795717,127.055022747204,SEONGSU,1758616703,http://place.map.kakao.com/1758616703,,KAKAO,강남 루프탑 카페|성수 루프탑 카페|성수 옥상 카페,3
14,어니언 성수,음식점 > 카페,070-4353-3238,서울 성동구 성수동2가 277-135,서울 성동구 아차산로9길 8,37.544782395189884,127.05820807890457,SEONGSU,145791269,http://place.map.kakao.com/145791269,,KAKAO,강남 루프탑 카페|성수 루프탑 카페|성수 옥상 카페,3
15,삼옥,음식점 > 카페,0507-1395-3530,서울 성동구 성수동2가 289-272,서울 성동구 아차산로7길 17-1,37.54672125092348,127.05463372568822,SEONGSU,1414498733,http://place.map.kakao.com/1414498733,,KAKAO,강남 루프탑 카페|성수 루프탑 카페|성수 옥상 카페,3
16,러프러프,음식점 > 카페,010-3596-8204,서울 성동구 성수동2가 271-24,서울 성동구 연무장길 81,37.54169650410732,127.05814344586099,SEONGSU,536976342,http://place.map.kakao.com/536976342,,KAKAO,강남 루프탑 카페|성수 루프탑 카페|성수 옥상 카페,3
17,포르르,음식점 > 카페,0502-5553-2638,서울 광진구 화양동 3-26,서울 광진구 능동로 137-1,37.5431980988527,127.071907632875,SEONGSU,1901496827,http://place.map.kakao.com/1901496827,,KAKAO,강남 루프탑 카페|성수 루프탑 카페|성수 옥상 카페,3
18,소확행,음식점 > 카페,,서울 성동구 옥수동 359,서울 성동구 한림말5길 17,37.542773739676676,127.01654653842128,SEONGSU,1618335219,http://place.map.kakao.com/1618335219,,KAKAO,성수 루프탑 카페|성수 옥상 카페,2
19,트레비커피로스터스,음식점 > 카페,010-4682-3024,서울 광진구 군자동 360-23,서울 광진구 군자로 63,37.5490247816054,127.070541686786,SEONGSU,1220194232,http://place.map.kakao.com/1220194232,,KAKAO,성수 루프탑 카페|성수 옥상 카페,2
20,환원당,음식점 > 카페,070-8838-0230,서울 광진구 화양동 94-25,서울 광진구 능동로 166,37.545299156854966,127.0734882049305,SEONGSU,485950525,http://place.map.kakao.com/485950525,,KAKAO,강남 루프탑 카페|성수 루프탑 카페|성수 옥상 카페,3
21,카페드씨밀레,음식점 > 카페 > 테마카페 > 디저트카페,02-2292-2223,서울 성동구 마장동 781-9,서울 성동구 마장로44길 8-18,37.5665426906751,127.04516286584,SEONGSU,860157053,http://place.map.kakao.com/860157053,,KAKAO,성수 루프탑 카페|성수 옥상 카페,2
22,클라스카 커피랩,음식점 > 카페,02-3409-7701,서울 성동구 성수동2가 273-13,서울 성동구 연무장15길 11,37.54271492900708,127.0593606432671,SEONGSU,899452242,http://place.map.kakao.com/899452242,,KAKAO,성수 루프탑 카페,1
23,빈플래토,음식점 > 카페,,서울 성동구 옥수동 356-2,서울 성동구 한림말5길 19,37.5429719758473,127.0164300331,SEONGSU,23979203,http://place.map.kakao.com/23979203,,KAKAO,성수 루프탑 카페,1
24,무프아파트먼트,음식점 > 카페,02-2298-0397,서울 성동구 하왕십리동 975-20,서울 성동구 무학봉길 82,37.5615204686845,127.031498701771,SEONGSU,500100347,http://place.map.kakao.com/500100347,,KAKAO,성수 루프탑 카페,1
25,맥심플랜트,음식점 > 카페,070-4287-8557,서울 용산구 한남동 683-140,서울 용산구 이태원로 250,37.53698957357094,127.00099681148605,HAEBANGCHON_HUAM,711864705,http://place.map.kakao.com/711864705,,KAKAO,용산 루프탑 카페|이태원 루프탑 카페|한남 루프탑 카페|해방촌 루프탑 카페|후암동 루프탑 카페,5
26,폴바셋 한남커피스테이션로스트웍스,음식점 > 카페 > 커피전문점 > 폴바셋,02-792-8310,서울 용산구 한남동 257-13,서울 용산구 한남대로 48,37.533350151365,127.008195858679,YONGSAN_SAMGAKJI,26852037,http://place.map.kakao.com/26852037,,KAKAO,강남 루프탑 카페|용산 루프탑 카페|한남 루프탑 카페|해방촌 루프탑 카페,4
27,코제트,음식점 > 카페,02-2139-9011,서울 용산구 한남동 684-12,서울 용산구 대사관로5길 22,37.5352704672116,127.000579291447,HAEBANGCHON_HUAM,2115286549,http://place.map.kakao.com/2115286549,,KAKAO,용산 루프탑 카페|이태원 루프탑 카페|한남 루프탑 카페|해방촌 루프탑 카페|후암동 루프탑 카페,5
28,아스티에드빌라트카페,음식점 > 카페,,서울 용산구 한남동 744-29,서울 용산구 이태원로49길 13,37.5370481424417,126.999705821579,HAEBANGCHON_HUAM,1118850411,http://place.map.kakao.com/1118850411,,KAKAO,용산 루프탑 카페|이태원 루프탑 카페|한남 루프탑 카페|해방촌 루프탑 카페|후암동 루프탑 카페,5
29,보난자커피 한남점,음식점 > 카페 > 커피전문점 > 보난자커피,,서울 용산구 한남동 682-12,서울 용산구 이태원로54길 13,37.5377238731259,127.002172414098,HAEBANGCHON_HUAM,801893852,http://place.map.kakao.com/801893852,,KAKAO,용산 루프탑 카페|이태원 루프탑 카페|한남 루프탑 카페|해방촌 루프탑 카페|후암동 루프탑 카페,5
30,클럽하우스서울,음식점 > 카페,010-4045-4717,서울 용산구 한남동 66-4,서울 용산구 한남대로20길 7,37.5347233293476,127.007399489033,YONGSAN_SAMGAKJI,69739819,http://place.map.kakao.com/69739819,,KAKAO,용산 루프탑 카페|이태원 루프탑 카페|한남 루프탑 카페|해방촌 루프탑 카페,4
31,테이크 블랭크,음식점 > 카페,,서울 용산구 한남동 641-10,서울 용산구 대사관로30길 6-11,37.5327727741546,127.005322062678,YONGSAN_SAMGAKJI,591970180,http://place.map.kakao.com/591970180,,KAKAO,용산 루프탑 카페|이태원 루프탑 카페|한남 루프탑 카페|해방촌 루프탑 카페,4
32,서울루덴스,음식점 > 카페,02-795-4151,서울 용산구 이태원동 5-12,서울 용산구 회나무로 69,37.5404177441095,126.994260999632,HAEBANGCHON_HUAM,19615417,http://place.map.kakao.com/19615417,,KAKAO,용산 루프탑 카페|이태원 루프탑 카페|한남 루프탑 카페|해방촌 루프탑 카페|후암동 루프탑 카페,5
33,콩카페 이태원점,음식점 > 카페 > 커피전문점 > 콩카페,070-7717-0333,서울 용산구 이태원동 34-54,서울 용산구 녹사평대로 168-8,37.53324004328261,126.98945989685845,HAEBANGCHON_HUAM,1886309015,http://place.map.kakao.com/1886309015,,KAKAO,용산 루프탑 카페|이태원 루프탑 카페|한남 루프탑 카페|해방촌 루프탑 카페|후암동 루프탑 카페,5
34,에브리씽벗더히어로,음식점 > 카페,02-792-7909,서울 용산구 이태원동 210-68,서울 용산구 회나무로 62,37.5400933449703,126.993505181508,HAEBANGCHON_HUAM,21555431,http://place.map.kakao.com/21555431,,KAKAO,용산 루프탑 카페|이태원 루프탑 카페|한남 루프탑 카페|해방촌 루프탑 카페|후암동 루프탑 카페,5
35,드로우지,음식점 > 카페,,서울 용산구 이태원동 2-5,서울 용산구 회나무로 83,37.5409854293477,126.995541831055,HAEBANGCHON_HUAM,764370388,http://place.map.kakao.com/764370388,,KAKAO,용산 루프탑 카페|이태원 루프탑 카페|한남 루프탑 카페|해방촌 루프탑 카페|후암동 루프탑 카페,5
36,웰니스카페사유,음식점 > 카페,02-518-8219,서울 용산구 용산동2가 5-84,서울 용산구 신흥로 11,37.5396296181237,126.986328152322,HAEBANGCHON_HUAM,478103433,http://place.map.kakao.com/478103433,,KAKAO,용산 루프탑 카페|이태원 루프탑 카페|한남 루프탑 카페|해방촌 루프탑 카페|후암동 루프탑 카페,5
37,마하 한남,음식점 > 카페,070-8064-8409,서울 용산구 동빙고동 21-2,서울 용산구 서빙고로91나길 85,37.5244926232332,126.996088082789,HANNAM,1910390625,http://place.map.kakao.com/1910390625,,KAKAO,한남 한강뷰 카페,1
38,아뜰리에남산,음식점 > 카페,0507-1485-0282,서울 용산구 용산동2가 34-20,서울 용산구 신흥로7길 51-5,37.5432785111853,126.985040914117,HAEBANGCHON_HUAM,2053517065,http://place.map.kakao.com/2053517065,,KAKAO,용산 루프탑 카페|이태원 루프탑 카페|해방촌 루프탑 카페|후암동 루프탑 카페,4
39,S.caf,음식점 > 카페,010-2238-7912,서울 용산구 용산동2가 14-3,서울 용산구 소월로26길 12,37.5454033064289,126.987062626089,HAEBANGCHON_HUAM,214831310,http://place.map.kakao.com/214831310,,KAKAO,용산 루프탑 카페|이태원 루프탑 카페|해방촌 루프탑 카페|후암동 루프탑 카페,4
40,르몽블랑,음식점 > 카페 > 테마카페 > 디저트카페,070-8887-8200,서울 용산구 용산동2가 1-91,서울 용산구 신흥로 99-4,37.5448786623818,126.98485501628461,HAEBANGCHON_HUAM,1316697633,http://place.map.kakao.com/1316697633,,KAKAO,용산 루프탑 카페|이태원 루프탑 카페|해방촌 루프탑 카페|후암동 루프탑 카페,4
41,쉘터 해방촌,음식점 > 카페,0503-7151-8980,서울 용산구 용산동2가 19-11,서울 용산구 신흥로11길 49-12,37.5446516920896,126.985504583588,HAEBANGCHON_HUAM,469724609,http://place.map.kakao.com/469724609,,KAKAO,용산 루프탑 카페|이태원 루프탑 카페|해방촌 루프탑 카페|후암동 루프탑 카페,4
42,오잇,음식점 > 카페 > 테마카페 > 디저트카페,0507-1418-2073,서울 용산구 용산동2가 1-471,서울 용산구 신흥로 95,37.54553552087409,126.98509138439792,HAEBANGCHON_HUAM,1698143190,http://place.map.kakao.com/1698143190,,KAKAO,용산 루프탑 카페|이태원 루프탑 카페|해방촌 루프탑 카페|후암동 루프탑 카페,4
43,타자기,음식점 > 카페,010-4445-8918,서울 용산구 용산동2가 1-508,서울 용산구 신흥로 97-5,37.5452318575497,126.984882102732,HAEBANGCHON_HUAM,1364425160,http://place.map.kakao.com/1364425160,,KAKAO,용산 루프탑 카페|이태원 루프탑 카페|해방촌 루프탑 카페|후암동 루프탑 카페,4
44,오랑오랑,음식점 > 카페,02-3789-7007,서울 용산구 용산동2가 1-62,서울 용산구 소월로20길 26-14,37.54512916396182,126.98504167590829,HAEBANGCHON_HUAM,27495682,http://place.map.kakao.com/27495682,,KAKAO,용산 루프탑 카페|이태원 루프탑 카페|해방촌 루프탑 카페|후암동 루프탑 카페,4
45,빌라커피,음식점 > 카페,070-8161-8019,서울 용산구 용산동2가 1,서울 용산구 신흥로 101-9,37.5446966669096,126.984904842228,HAEBANGCHON_HUAM,1978415596,http://place.map.kakao.com/1978415596,,KAKAO,용산 루프탑 카페|이태원 루프탑 카페|해방촌 루프탑 카페|후암동 루프탑 카페,4
46,리암스카페바,음식점 > 카페,,서울 용산구 용산동2가 5-1119,서울 용산구 소월로20길 64,37.5439451465453,126.984239636664,HAEBANGCHON_HUAM,803550065,http://place.map.kakao.com/803550065,,KAKAO,용산 루프탑 카페|이태원 루프탑 카페|해방촌 루프탑 카페|후암동 루프탑 카페,4
47,카페남산아래,음식점 > 카페,,서울 용산구 용산동2가 1-528,서울 용산구 신흥로 94-1,37.545705791770494,126.98494990220203,HAEBANGCHON_HUAM,1245122800,http://place.map.kakao.com/1245122800,,KAKAO,용산 루프탑 카페|이태원 루프탑 카페|해방촌 루프탑 카페|후암동 루프탑 카페,4
48,꼮 남산,음식점 > 카페,010-4200-6813,서울 용산구 용산동2가 5-1119,서울 용산구 소월로20길 64,37.5439667740009,126.984265657991,HAEBANGCHON_HUAM,879954064,http://place.map.kakao.com/879954064,,KAKAO,용산 루프탑 카페|이태원 루프탑 카페|해방촌 루프탑 카페|후암동 루프탑 카페,4
49,클리프 서울,음식점 > 카페,010-2603-8831,서울 용산구 후암동 406-56,서울 용산구 두텁바위로38길 29-17,37.54741124861967,126.98393110845993,HAEBANGCHON_HUAM,2084318640,http://place.map.kakao.com/2084318640,,KAKAO,용산 루프탑 카페|이태원 루프탑 카페|해방촌 루프탑 카페|후암동 루프탑 카페,4
50,카페무니,음식점 > 카페,02-565-1592,서울 용산구 후암동 406-58,서울 용산구 신흥로20길 37,37.5471923059041,126.983931155458,HAEBANGCHON_HUAM,1645884004,http://place.map.kakao.com/1645884004,,KAKAO,용산 루프탑 카페|이태원 루프탑 카페|해방촌 루프탑 카페|후암동 루프탑 카페,4
51,마우카,음식점 > 카페,,서울 용산구 후암동 406-57,서울 용산구 신흥로20길 39,37.54727881285463,126.98401261281353,HAEBANGCHON_HUAM,510788595,http://place.map.kakao.com/510788595,,KAKAO,용산 루프탑 카페|이태원 루프탑 카페|해방촌 루프탑 카페|후암동 루프탑 카페,4
52,오드시티,음식점 > 카페,0502-5554-4452,서울 용산구 후암동 406-114,서울 용산구 두텁바위로40길 28-14,37.5474977264161,126.983798691131,YONGSAN_SAMGAKJI,737205089,http://place.map.kakao.com/737205089,,KAKAO,용산 루프탑 카페|이태원 루프탑 카페,2
53,해방공원(HB01),음식점 > 카페,02-6956-0157,서울 용산구 용산동2가 1-475,서울 용산구 신흥로 95-7,37.545397671294964,126.9851174382277,YONGSAN_SAMGAKJI,1932939730,http://place.map.kakao.com/1932939730,,KAKAO,용산 루프탑 카페|이태원 루프탑 카페,2
54,블러,음식점 > 카페 > 테마카페 > 디저트카페,070-7807-9670,서울 마포구 합정동 198-26,서울 마포구 토정로 28-10,37.545044882994695,126.91420389220123,HAPJEONG_MANGWON,760043078,http://place.map.kakao.com/760043078,,KAKAO,합정 루프탑 카페,1
55,머씨커피,음식점 > 카페 > 테마카페 > 디저트카페,02-332-1211,서울 마포구 서교동 394-51,서울 마포구 양화로8길 32-10,37.5495061275321,126.916013934974,HAPJEONG_MANGWON,1068887729,http://place.map.kakao.com/1068887729,,KAKAO,합정 루프탑 카페,1
56,브라운시티카페 상수점,음식점 > 카페,010-5555-2896,서울 마포구 서교동 403-10,서울 마포구 어울마당로 41,37.5489541451727,126.920391718911,HAPJEONG_MANGWON,1657897511,http://place.map.kakao.com/1657897511,,KAKAO,합정 루프탑 카페,1
57,Uig,음식점 > 카페,02-336-1256,서울 마포구 망원동 420-4,서울 마포구 망원로3길 7,37.5570452277427,126.901446547304,HAPJEONG_MANGWON,659749618,http://place.map.kakao.com/659749618,,KAKAO,망원 루프탑 카페|합정 루프탑 카페,2
58,컴포즈커피 홍대동교점,음식점 > 카페 > 커피전문점 > 컴포즈커피,02-336-3133,서울 마포구 동교동 206-14,서울 마포구 월드컵북로 12,37.556210956512786,126.92065109149203,HAPJEONG_MANGWON,853407271,http://place.map.kakao.com/853407271,,KAKAO,합정 루프탑 카페,1
59,빙츄르 홍대점,음식점 > 카페,,서울 마포구 서교동 346-53,서울 마포구 홍익로2길 13,37.5543803136449,126.923663400213,HAPJEONG_MANGWON,261139718,http://place.map.kakao.com/261139718,,KAKAO,합정 루프탑 카페,1
60,핏크,음식점 > 카페 > 테마카페 > 디저트카페,,서울 마포구 성산동 208-13,서울 마포구 성미산로11길 13,37.561189563815475,126.91629962246787,HAPJEONG_MANGWON,1436367933,http://place.map.kakao.com/1436367933,,KAKAO,합정 루프탑 카페,1
61,골든크레마,음식점 > 카페,,서울 마포구 동교동 164-13,서울 마포구 어울마당로 121,37.5555767555293,126.923535425431,HAPJEONG_MANGWON,27601004,http://place.map.kakao.com/27601004,,KAKAO,합정 루프탑 카페,1
62,발코니가든,음식점 > 카페,02-332-1371,서울 마포구 동교동 170-38,서울 마포구 어울마당로 155-1,37.5569196950329,126.927101346878,HAPJEONG_MANGWON,2021049848,http://place.map.kakao.com/2021049848,,KAKAO,합정 루프탑 카페,1
63,카페 드 래빗,음식점 > 카페,02-332-7988,서울 마포구 연남동 259,서울 마포구 동교로29길 10,37.5611073200352,126.923914592108,HAPJEONG_MANGWON,987265580,http://place.map.kakao.com/987265580,,KAKAO,합정 루프탑 카페,1
64,CVL랩,음식점 > 카페,02-6953-7302,서울 마포구 연남동 373-7,서울 마포구 동교로 227-13,37.56087272001019,126.92338740470342,HAPJEONG_MANGWON,128022235,http://place.map.kakao.com/128022235,,KAKAO,합정 루프탑 카페,1
65,톤앤매너,음식점 > 카페,02-332-8252,서울 마포구 서교동 337-10,서울 마포구 와우산로29가길 13,37.5542717317149,126.928688328087,HAPJEONG_MANGWON,1960387368,http://place.map.kakao.com/1960387368,,KAKAO,합정 루프탑 카페,1
66,무심,음식점 > 카페,0502-5550-5676,서울 마포구 연남동 383-72,서울 마포구 연희로1길 55,37.5613277479243,126.926256108249,HAPJEONG_MANGWON,1455452713,http://place.map.kakao.com/1455452713,,KAKAO,합정 루프탑 카페,1
67,커비스컵케이크,음식점 > 카페 > 테마카페 > 디저트카페,0507-1414-7963,서울 마포구 연남동 390-34,서울 마포구 동교로38길 29,37.5615913706696,126.925667298752,HAPJEONG_MANGWON,1201420394,http://place.map.kakao.com/1201420394,,KAKAO,합정 루프탑 카페,1
68,센트럴사이트 연남점,음식점 > 카페,02-335-7779,서울 마포구 동교동 117-3,서울 마포구 연희로 29-1,37.561549752765,126.926834252341,HAPJEONG_MANGWON,2045958342,http://place.map.kakao.com/2045958342,,KAKAO,합정 루프탑 카페,1
69,동동 찻집,음식점 > 카페 > 전통찻집,0503-7151-8009,서울 마포구 연남동 390-65,서울 마포구 동교로38안길 11,37.5623881561013,126.924725949482,HAPJEONG_MANGWON,1269050664,http://place.map.kakao.com/1269050664,,KAKAO,합정 루프탑 카페,1
70,헤이쥬드,음식점 > 카페 > 커피전문점,010-6566-4796,서울 마포구 동교동 189-2,서울 마포구 와우산로37길 7,37.5558765648485,126.930461366924,HAPJEONG_MANGWON,67926579,http://place.map.kakao.com/67926579,,KAKAO,합정 루프탑 카페,1
71,청23,음식점 > 카페,02-324-2023,서울 마포구 동교동 113-85,서울 마포구 연희로 23,37.5609359924527,126.926541712092,HAPJEONG_MANGWON,2097191611,http://place.map.kakao.com/2097191611,,KAKAO,합정 루프탑 카페,1
72,서당개2년로스터스,음식점 > 카페,02-332-7133,서울 마포구 연남동 454-13,서울 마포구 동교로51길 129-6,37.5662710734055,126.920042780043,HAPJEONG_MANGWON,262767594,http://place.map.kakao.com/262767594,,KAKAO,합정 루프탑 카페,1
73,목수의딸카페,음식점 > 카페,02-323-7868,서울 마포구 동교동 188-1,서울 마포구 와우산로38길 2,37.5555668664509,126.930878133251,HAPJEONG_MANGWON,2030992601,http://place.map.kakao.com/2030992601,,KAKAO,합정 루프탑 카페,1
74,퍼스트커피랩 홍대점,음식점 > 카페,,서울 마포구 동교동 179-10,서울 마포구 신촌로4길 5-25,37.55726191891583,126.92981950294029,HAPJEONG_MANGWON,939403724,http://place.map.kakao.com/939403724,,KAKAO,합정 루프탑 카페,1
75,독수리다방,음식점 > 카페 > 다방,02-363-1222,서울 서대문구 창천동 31-4,서울 서대문구 연세로 36,37.558781568940425,126.93723126168338,HAPJEONG_MANGWON,18826661,http://place.map.kakao.com/18826661,,KAKAO,합정 루프탑 카페,1
76,오버딥,음식점 > 카페 > 테마카페 > 디저트카페,02-6380-0061,서울 마포구 연남동 240-41,서울 마포구 성미산로 149-8,37.5646494008622,126.922933051953,HAPJEONG_MANGWON,1909729939,http://place.map.kakao.com/1909729939,,KAKAO,합정 루프탑 카페,1
77,메리트리,음식점 > 카페 > 테마카페 > 디저트카페,,서울 마포구 연남동 241-18,서울 마포구 성미산로29안길 17,37.565282025063006,126.92312482019241,HAPJEONG_MANGWON,1201558520,http://place.map.kakao.com/1201558520,,KAKAO,합정 루프탑 카페,1
78,연베이크샵,음식점 > 카페,,서울 마포구 연남동 239-4,서울 마포구 성미산로 172,37.564096474919,126.924772900806,HAPJEONG_MANGWON,1518304694,http://place.map.kakao.com/1518304694,,KAKAO,합정 루프탑 카페,1
79,포레스트검프,음식점 > 카페,010-5422-5637,서울 서대문구 연희동 192-6,서울 서대문구 연희맛로 7-17,37.5662627607664,126.92813358823,HAPJEONG_MANGWON,171951605,http://place.map.kakao.com/171951605,,KAKAO,합정 루프탑 카페,1
80,허그허그러브,음식점 > 카페 > 커피전문점,0503-7152-8428,서울 마포구 연남동 453-9,서울 마포구 동교로51길 111,37.566300449817,126.920850923446,HAPJEONG_MANGWON,2000966974,http://place.map.kakao.com/2000966974,,KAKAO,합정 루프탑 카페,1
81,카페바람,음식점 > 카페,02-330-4394,서울 서대문구 창천동 4-113,서울 서대문구 연세로2나길 57,37.55794769037941,126.93981579490435,HAPJEONG_MANGWON,193971778,http://place.map.kakao.com/193971778,,KAKAO,합정 루프탑 카페,1
82,썸이프,음식점 > 카페,0507-1383-6909,서울 마포구 대흥동 245-13,서울 마포구 백범로16안길 3,37.5467233663599,126.9422385261,HAPJEONG_MANGWON,1770013018,http://place.map.kakao.com/1770013018,,KAKAO,합정 루프탑 카페,1
83,파크사이드,음식점 > 카페,0503-7152-9044,서울 마포구 대흥동 241-40,서울 마포구 백범로16안길 31,37.54632408677434,126.9438219362931,HAPJEONG_MANGWON,1644811137,http://place.map.kakao.com/1644811137,,KAKAO,합정 루프탑 카페,1
84,카페비유,음식점 > 카페,,서울 영등포구 영등포동8가 1,서울 영등포구 국회대로53길 1,37.52569126032546,126.90689081879887,HAPJEONG_MANGWON,631341688,http://place.map.kakao.com/631341688,,KAKAO,합정 루프탑 카페,1
85,바나프레소 신촌점,음식점 > 카페 > 바나프레소,070-8998-8981,서울 서대문구 창천동 13-29,서울 서대문구 명물길 14,37.5575294173655,126.93767370034,HAPJEONG_MANGWON,930505287,http://place.map.kakao.com/930505287,,KAKAO,합정 루프탑 카페,1
86,노을카페,음식점 > 카페,,경기 평택시 평택동 158-2,경기 평택시 원평로39번길 22-1,36.9889840813085,127.083562371535,HAPJEONG_MANGWON,1205209884,http://place.map.kakao.com/1205209884,,KAKAO,합정 노을 카페,1
87,개뿔,음식점 > 카페 > 테마카페 > 갤러리카페,02-765-2019,서울 종로구 이화동 9-443,서울 종로구 낙산성곽서1길 26,37.5781910083009,127.008069450086,JONGNO_EULJIRO,890843625,http://place.map.kakao.com/890843625,,KAKAO,을지로 루프탑 카페|종로 루프탑 카페,2
88,반쥴,음식점 > 카페 > 커피전문점,02-735-5437,서울 종로구 관철동 12-16,서울 종로구 삼일대로17길 23,37.5690615964593,126.986190337567,HAEBANGCHON_HUAM,10405822,http://place.map.kakao.com/10405822,,KAKAO,북촌 루프탑 카페|서촌 루프탑 카페|을지로 루프탑 카페|종로 루프탑 카페|해방촌 루프탑 카페|후암동 루프탑 카페,6
89,리제로 서울,음식점 > 카페,,서울 종로구 신문로2가 1-348,서울 종로구 경희궁3길 3-5,37.5729539965698,126.968095755928,BUKCHON_SEOCHON,1398571605,http://place.map.kakao.com/1398571605,,KAKAO,북촌 루프탑 카페|서촌 루프탑 카페|종로 루프탑 카페|후암동 루프탑 카페,4
90,카페트레블,음식점 > 카페,02-747-1056,서울 종로구 동숭동 129-215,서울 종로구 낙산3길 19-8,37.580003907709,127.006452999541,JONGNO_EULJIRO,27226023,http://place.map.kakao.com/27226023,,KAKAO,북촌 루프탑 카페|종로 루프탑 카페,2
91,트마리,음식점 > 카페,010-8189-1071,서울 종로구 권농동 182-7,서울 종로구 서순라길 107-1,37.574965423667,126.991577704968,JONGNO_EULJIRO,871897654,http://place.map.kakao.com/871897654,,KAKAO,북촌 루프탑 카페|서촌 루프탑 카페|을지로 루프탑 카페|종로 루프탑 카페,4
92,티퍼런스 서울,음식점 > 카페 > 테마카페 > 갤러리카페,02-745-1501,서울 종로구 묘동 141,서울 종로구 돈화문로 61,37.5739130138516,126.990930312073,JONGNO_EULJIRO,870916614,http://place.map.kakao.com/870916614,,KAKAO,북촌 루프탑 카페|서촌 루프탑 카페|을지로 루프탑 카페|종로 루프탑 카페,4
93,퍼블릭가든,음식점 > 카페,0507-1375-3402,서울 종로구 예지동 269-25,서울 종로구 청계천로 199,37.5696606647617,126.999690978029,JONGNO_EULJIRO,1427828053,http://place.map.kakao.com/1427828053,,KAKAO,북촌 루프탑 카페|을지로 루프탑 카페|종로 루프탑 카페,3
94,올덴브라운 동묘점,음식점 > 카페,,서울 종로구 숭인동 72-55,서울 종로구 종로 369-1,37.57409573374982,127.01838393551054,JONGNO_EULJIRO,1441616415,http://place.map.kakao.com/1441616415,,KAKAO,종로 루프탑 카페,1
95,카페랑솜,음식점 > 카페,02-742-2185,서울 종로구 명륜4가 83-1,서울 종로구 대학로11길 22,37.5823322510486,127.000430213367,JONGNO_EULJIRO,1822481162,http://place.map.kakao.com/1822481162,,KAKAO,북촌 루프탑 카페|종로 루프탑 카페,2
96,두채,음식점 > 카페 > 테마카페 > 디저트카페,070-4633-3825,서울 종로구 연건동 269,서울 종로구 율곡로13가길 8,37.5763496510846,127.000393953351,JONGNO_EULJIRO,1710534106,http://place.map.kakao.com/1710534106,,KAKAO,북촌 루프탑 카페|을지로 루프탑 카페|종로 루프탑 카페,3
97,슬로스텝,음식점 > 카페 > 커피전문점,02-762-2229,서울 종로구 동숭동 1-76,서울 종로구 대학로8가길 89,37.58205289030275,127.00355490769638,JONGNO_EULJIRO,25977363,http://place.map.kakao.com/25977363,,KAKAO,북촌 루프탑 카페|종로 루프탑 카페,2
98,테르트르,음식점 > 카페 > 커피전문점,0507-1428-5690,서울 종로구 창신동 23-448,서울 종로구 낙산5길 46,37.57822498607935,127.01124719738597,JONGNO_EULJIRO,2035769042,http://place.map.kakao.com/2035769042,,KAKAO,종로 루프탑 카페,1
99,그린마일커피 북촌점,음식점 > 카페,02-744-2404,서울 종로구 가회동 11-49,서울 종로구 북촌로 64,37.582385388268,126.985236878217,BUKCHON_SEOCHON,1245067143,http://place.map.kakao.com/1245067143,,KAKAO,북촌 루프탑 카페|서촌 루프탑 카페|종로 루프탑 카페,3
100,플랫커피,음식점 > 카페,,서울 종로구 통의동 61-1,서울 종로구 자하문로 14-1,37.57748168271781,126.97241945206056,BUKCHON_SEOCHON,1105770594,http://place.map.kakao.com/1105770594,,KAKAO,북촌 루프탑 카페|서촌 루프탑 카페|종로 루프탑 카페,3
101,라르티스타,음식점 > 카페,02-3672-0060,서울 종로구 묘동 128-1,서울 종로구 돈화문로 60,37.57386078982401,126.99137972724151,JONGNO_EULJIRO,1337001435,http://place.map.kakao.com/1337001435,,KAKAO,북촌 루프탑 카페|서촌 루프탑 카페|을지로 루프탑 카페|종로 루프탑 카페,4
102,타이거타이거,음식점 > 카페,02-747-1986,서울 종로구 와룡동 172-2,서울 종로구 삼일대로30길 56,37.57433466995089,126.99080800284575,JONGNO_EULJIRO,1640534397,http://place.map.kakao.com/1640534397,,KAKAO,북촌 루프탑 카페|서촌 루프탑 카페|을지로 루프탑 카페|종로 루프탑 카페,4
103,카페진선,음식점 > 카페,,서울 종로구 팔판동 150,서울 종로구 삼청로 59,37.5813827907419,126.980468561274,BUKCHON_SEOCHON,388079892,http://place.map.kakao.com/388079892,,KAKAO,북촌 루프탑 카페|서촌 루프탑 카페|종로 루프탑 카페,3
104,카페비비,음식점 > 카페 > 커피전문점,0507-1447-4564,서울 종로구 구기동 67-19,서울 종로구 진흥로 461,37.60697284451559,126.95954207775796,JONGNO_EULJIRO,1915661772,http://place.map.kakao.com/1915661772,,KAKAO,종로 루프탑 카페,1
105,헤이븐,음식점 > 카페 > 테마카페 > 디저트카페,02-733-1531,서울 종로구 창성동 153-1,서울 종로구 자하문로 52-1,37.5807538531795,126.971411793473,BUKCHON_SEOCHON,449373815,http://place.map.kakao.com/449373815,,KAKAO,북촌 루프탑 카페|서촌 루프탑 카페|종로 루프탑 카페,3
106,피엔에이 서촌,음식점 > 카페,0503-7153-6627,서울 종로구 통의동 7-17,서울 종로구 효자로7길 9,37.5788468937799,126.973311033549,BUKCHON_SEOCHON,1361315797,http://place.map.kakao.com/1361315797,,KAKAO,북촌 루프탑 카페|서촌 루프탑 카페|종로 루프탑 카페,3
107,심플리커피,음식점 > 카페,02-733-5123,서울 종로구 신문로2가 1-196,서울 종로구 경희궁1길 27,37.57218312090959,126.96951899211285,BUKCHON_SEOCHON,1003594221,http://place.map.kakao.com/1003594221,,KAKAO,북촌 루프탑 카페|서촌 루프탑 카페|종로 루프탑 카페,3
108,상국,음식점 > 카페,010-8956-5102,서울 종로구 원서동 134-10,서울 종로구 창덕궁길 47-7,37.5795656775501,126.988882792278,JONGNO_EULJIRO,367830691,http://place.map.kakao.com/367830691,,KAKAO,북촌 루프탑 카페|서촌 루프탑 카페|을지로 루프탑 카페|종로 루프탑 카페,4
109,호올스하우스,음식점 > 카페 > 커피전문점,0502-5551-6690,서울 종로구 충신동 1-383,서울 종로구 낙산성곽서길 91,37.5763826952192,127.008321702174,JONGNO_EULJIRO,786432024,http://place.map.kakao.com/786432024,,KAKAO,을지로 루프탑 카페|종로 루프탑 카페,2
110,소진담 안녕인사동점,음식점 > 카페 > 테마카페 > 디저트카페,02-6952-4344,서울 종로구 관훈동 155-2,서울 종로구 인사동길 49,37.574467229154536,126.98355172967167,JONGNO_EULJIRO,1443952279,http://place.map.kakao.com/1443952279,,KAKAO,북촌 루프탑 카페|서촌 루프탑 카페|을지로 루프탑 카페|종로 루프탑 카페,4
111,카페뷰,음식점 > 카페,,서울 종로구 봉익동 40-1,서울 종로구 서순라길 27-5,37.5720084761953,126.993432227992,JONGNO_EULJIRO,600622971,http://place.map.kakao.com/600622971,,KAKAO,경복궁뷰 카페|북촌 루프탑 카페|을지로 루프탑 카페|종로 루프탑 카페,4
112,스푼 경복궁점,음식점 > 카페 > 테마카페 > 디저트카페,02-743-0919,서울 종로구 적선동 80,서울 종로구 사직로 130,37.57536725609763,126.97332133173451,BUKCHON_SEOCHON,533666375,http://place.map.kakao.com/533666375,,KAKAO,북촌 루프탑 카페|서촌 루프탑 카페|종로 루프탑 카페,3
113,담쟁이집,음식점 > 카페,,서울 종로구 견지동 82,서울 종로구 인사동11길 20,37.5738662787198,126.983645818862,JONGNO_EULJIRO,1146410842,http://place.map.kakao.com/1146410842,,KAKAO,북촌 루프탑 카페|서촌 루프탑 카페|을지로 루프탑 카페|종로 루프탑 카페,4
114,르프랑루프탑,음식점 > 카페,02-722-5655,서울 종로구 관훈동 21,서울 종로구 인사동길 34-1,37.5738584255132,126.985609861635,JONGNO_EULJIRO,1994892698,http://place.map.kakao.com/1994892698,,KAKAO,북촌 루프탑 카페|서촌 루프탑 카페|을지로 루프탑 카페|종로 루프탑 카페,4
115,카페언더24,음식점 > 카페,02-2268-9333,서울 종로구 종로6가 261-1,서울 종로구 종로40길 9,37.57054253885825,127.00688572459039,JONGNO_EULJIRO,242361931,http://place.map.kakao.com/242361931,,KAKAO,을지로 루프탑 카페|종로 루프탑 카페,2
116,인터미션,음식점 > 카페,070-8028-4687,서울 종로구 동숭동 129-130,서울 종로구 낙산길 21,37.5805373336675,127.005723964641,JONGNO_EULJIRO,728338956,http://place.map.kakao.com/728338956,,KAKAO,북촌 루프탑 카페|종로 루프탑 카페,2
117,파툼,음식점 > 카페,02-739-9888,서울 종로구 삼청동 63-15,서울 종로구 삼청로 86-5,37.583210275679,126.982175371656,BUKCHON_SEOCHON,8113742,http://place.map.kakao.com/8113742,,KAKAO,북촌 루프탑 카페|서촌 루프탑 카페|종로 루프탑 카페,3
118,동양차문화관,음식점 > 카페 > 전통찻집,,서울 종로구 삼청동 35-91,서울 종로구 북촌로11길 76,37.5838628003638,126.983592684909,BUKCHON_SEOCHON,844782189,http://place.map.kakao.com/844782189,,KAKAO,북촌 루프탑 카페|서촌 루프탑 카페|종로 루프탑 카페,3
119,카페해화,음식점 > 카페,02-984-0320,서울 종로구 명륜4가 54-2,서울 종로구 대명1길 16-12,37.58297646216767,127.00003396450587,JONGNO_EULJIRO,2117692443,http://place.map.kakao.com/2117692443,,KAKAO,북촌 루프탑 카페|종로 루프탑 카페,2
120,아리디,음식점 > 카페,070-7716-9259,서울 종로구 부암동 29-16,서울 종로구 백석동길 81,37.5944627543788,126.96901961059,JONGNO_EULJIRO,1617745391,http://place.map.kakao.com/1617745391,,KAKAO,서촌 루프탑 카페|종로 루프탑 카페,2
121,슈퍼샤이 스튜디오&카페,음식점 > 카페 > 테마카페 > 디저트카페,0502-5550-9611,서울 종로구 삼청동 27-28,서울 종로구 북촌로 137-17,37.586971967156096,126.98247790716187,BUKCHON_SEOCHON,1252870487,http://place.map.kakao.com/1252870487,,KAKAO,북촌 루프탑 카페|서촌 루프탑 카페|종로 루프탑 카페,3
122,바캉스커피,음식점 > 카페,070-8803-2326,서울 중구 다동 117,서울 중구 남대문로9길 12,37.5668986043999,126.981753662216,HAEBANGCHON_HUAM,557230756,http://place.map.kakao.com/557230756,,KAKAO,북촌 루프탑 카페|서촌 루프탑 카페|을지로 루프탑 카페|종로 루프탑 카페|해방촌 루프탑 카페|후암동 루프탑 카페,6
123,카페느티,음식점 > 카페,02-2261-3323,서울 중구 을지로2가 101-21,서울 중구 을지로 97,37.5663732932058,126.98871270452017,HAEBANGCHON_HUAM,2039117711,http://place.map.kakao.com/2039117711,,KAKAO,북촌 루프탑 카페|을지로 루프탑 카페|종로 루프탑 카페|해방촌 루프탑 카페|후암동 루프탑 카페,5
124,소요재,음식점 > 카페,,서울 성북구 동소문동4가 41,서울 성북구 동소문로 37,37.59035967769294,127.00996956710931,JONGNO_EULJIRO,821854809,http://place.map.kakao.com/821854809,,KAKAO,종로 루프탑 카페,1
125,파인즈,음식점 > 카페 > 커피전문점,02-318-4005,서울 중구 명동1가 1-3,서울 중구 명동길 73,37.56424847368204,126.98616858874772,HAEBANGCHON_HUAM,1185361619,http://place.map.kakao.com/1185361619,,KAKAO,북촌 루프탑 카페|을지로 루프탑 카페|종로 루프탑 카페|해방촌 루프탑 카페|후암동 루프탑 카페,5
126,카페 카다로그,음식점 > 카페,010-2547-1868,서울 중구 을지로2가 101-2,서울 중구 을지로 105,37.566429232264,126.989552565663,HAEBANGCHON_HUAM,324146172,http://place.map.kakao.com/324146172,,KAKAO,북촌 루프탑 카페|을지로 루프탑 카페|종로 루프탑 카페|해방촌 루프탑 카페|후암동 루프탑 카페,5
127,에이디디,음식점 > 카페 > 커피전문점,070-4209-7272,서울 중구 주교동 112,서울 중구 을지로27길 29,37.5681073445485,126.999001642057,JONGNO_EULJIRO,1448715295,http://place.map.kakao.com/1448715295,,KAKAO,북촌 루프탑 카페|을지로 루프탑 카페|종로 루프탑 카페,3
128,킨폭스커피,음식점 > 카페,02-943-7920,서울 성북구 정릉동 310-4,서울 성북구 보국문로 87-22,37.6118592799575,127.00780126544,JONGNO_EULJIRO,754597409,http://place.map.kakao.com/754597409,,KAKAO,종로 루프탑 카페,1
129,카페구월,음식점 > 카페,070-8875-2624,서울 성북구 동선동2가 72,서울 성북구 보문로30길 43,37.58955317349163,127.01954546218683,JONGNO_EULJIRO,1178899525,http://place.map.kakao.com/1178899525,,KAKAO,종로 루프탑 카페,1
130,미오앤나나,음식점 > 카페 > 커피전문점,0503-7151-7541,서울 중구 남학동 18,서울 중구 퇴계로28길 8-5,37.56044944175061,126.99104625707058,HAEBANGCHON_HUAM,1491457111,http://place.map.kakao.com/1491457111,,KAKAO,을지로 루프탑 카페|종로 루프탑 카페|해방촌 루프탑 카페|후암동 루프탑 카페,4
131,팀앤메리,음식점 > 카페,,서울 중구 필동1가 3-17,서울 중구 퇴계로27길 12-3,37.5617964880173,126.991819135497,HAEBANGCHON_HUAM,1069892792,http://place.map.kakao.com/1069892792,,KAKAO,을지로 루프탑 카페|종로 루프탑 카페|해방촌 루프탑 카페|후암동 루프탑 카페,4
132,로이터,음식점 > 카페,,서울 중구 필동3가 62-11,서울 중구 필동로 53,37.55673490043307,126.99594832404023,HAEBANGCHON_HUAM,2128655244,http://place.map.kakao.com/2128655244,,KAKAO,을지로 루프탑 카페|해방촌 루프탑 카페|후암동 루프탑 카페,3
133,을지커피,음식점 > 카페,010-3275-1444,서울 중구 저동2가 83-5,서울 중구 마른내로 11-12,37.5652155601551,126.989214302638,HAEBANGCHON_HUAM,1156799842,http://place.map.kakao.com/1156799842,,KAKAO,북촌 루프탑 카페|을지로 루프탑 카페|후암동 루프탑 카페,3
134,명동아지트,음식점 > 카페,02-778-6080,서울 중구 충무로2가 66-9,서울 중구 명동8가길 7,37.56176073034472,126.98540393220809,HAEBANGCHON_HUAM,1531032887,http://place.map.kakao.com/1531032887,,KAKAO,을지로 루프탑 카페|해방촌 루프탑 카페|후암동 루프탑 카페,3
135,향월재카페,음식점 > 카페,,서울 중구 신당동 826-40,서울 중구 동호로17길 83,37.555000394597045,127.00605021163163,HAEBANGCHON_HUAM,662216597,http://place.map.kakao.com/662216597,,KAKAO,을지로 루프탑 카페|해방촌 루프탑 카페|후암동 루프탑 카페,3
136,카페 라,음식점 > 카페,0507-1321-0705,서울 중구 장충동2가 202,서울 중구 동호로 249,37.5575086580251,127.00796536040313,JONGNO_EULJIRO,1930398749,http://place.map.kakao.com/1930398749,,KAKAO,을지로 루프탑 카페,1
137,카페 라 루프탑 신라면세점 서울점,음식점 > 카페,,서울 중구 장충동2가 202,서울 중구 동호로 249,37.5571942267145,127.007712944452,JONGNO_EULJIRO,1472402809,http://place.map.kakao.com/1472402809,,KAKAO,을지로 루프탑 카페,1
138,아트몬,음식점 > 카페,010-9893-2393,서울 중구 남산동2가 49-14,서울 중구 퇴계로20나길 42,37.5573449187487,126.985201076369,HAEBANGCHON_HUAM,1746130456,http://place.map.kakao.com/1746130456,,KAKAO,을지로 루프탑 카페|해방촌 루프탑 카페|후암동 루프탑 카페,3
139,사유의서재카페앤루프탑,음식점 > 카페,,서울 중구 남산동2가 13-1,서울 중구 퇴계로20길 13,37.5596785846541,126.985880825165,JONGNO_EULJIRO,980469189,http://place.map.kakao.com/980469189,,KAKAO,을지로 루프탑 카페,1
140,썸띵어바웃커피,음식점 > 카페 > 테마카페 > 디저트카페,,서울 강남구 역삼동 618-16,서울 강남구 강남대로102길 30,37.502824775159816,127.02779847587531,GANGNAM,2005375589,http://place.map.kakao.com/2005375589,,KAKAO,강남 루프탑 카페,1
141,루프808,음식점 > 카페,02-562-8088,서울 강남구 역삼동 808,서울 강남구 강남대로 470,37.50432916590024,127.02506097591196,GANGNAM,561053021,http://place.map.kakao.com/561053021,,KAKAO,강남 루프탑 카페,1
142,셀렉티드닉스,음식점 > 카페,070-5176-7947,서울 강남구 역삼동 827-13,서울 강남구 테헤란로4길 37,37.4962223486255,127.030837985875,GANGNAM,1466542951,http://place.map.kakao.com/1466542951,,KAKAO,강남 루프탑 카페,1
143,그레이스케일커피,음식점 > 카페,,서울 강남구 역삼동 618-8,서울 강남구 강남대로102길 38,37.5032535497272,127.028237441604,GANGNAM,1686974637,http://place.map.kakao.com/1686974637,,KAKAO,강남 루프탑 카페,1
144,텔러스9.5,음식점 > 카페,02-542-2395,서울 강남구 신사동 561-19,서울 강남구 도산대로 153,37.518827196471825,127.02520269659159,GANGNAM,676584586,http://place.map.kakao.com/676584586,,KAKAO,강남 루프탑 카페,1
145,프라텔리,음식점 > 카페 > 커피전문점,010-5025-0261,서울 강남구 역삼동 812-8,서울 강남구 봉은사로4길 31,37.5028429995628,127.026916350165,GANGNAM,405367531,http://place.map.kakao.com/405367531,,KAKAO,강남 루프탑 카페,1
146,셀렉티드마롱,음식점 > 카페,070-4284-5104,서울 강남구 역삼동 827-13,서울 강남구 테헤란로4길 37,37.4961925947187,127.030917132353,GANGNAM,1052653971,http://place.map.kakao.com/1052653971,,KAKAO,강남 루프탑 카페,1
147,아란로빈,음식점 > 카페,0507-1352-9306,서울 강남구 역삼동 812-7,서울 강남구 봉은사로4길 31-3,37.5028961296973,127.027044165443,GANGNAM,1448786847,http://place.map.kakao.com/1448786847,,KAKAO,강남 루프탑 카페,1
148,ART SPACE Y CAFE,음식점 > 카페 > 테마카페 > 갤러리카페,0502-5550-5232,서울 강남구 역삼동 621-22,서울 강남구 강남대로100길 28,37.5018272282817,127.028360175138,GANGNAM,1855109118,http://place.map.kakao.com/1855109118,,KAKAO,강남 루프탑 카페,1
149,할리스 세로수길점,음식점 > 카페 > 커피전문점 > 할리스,02-511-1473,서울 강남구 신사동 536-6,서울 강남구 강남대로152길 41,37.518229441217,127.022682246034,GANGNAM,89150246,http://place.map.kakao.com/89150246,,KAKAO,강남 루프탑 카페,1
150,캠핑고양이 양재점,음식점 > 카페 > 테마카페 > 고양이카페,02-577-5502,서울 강남구 도곡동 947-2,서울 강남구 도곡로4길 38,37.48794998834305,127.03484296789345,GANGNAM,943162869,http://place.map.kakao.com/943162869,,KAKAO,강남 루프탑 카페,1
151,테이크원커피 SG아트타워,음식점 > 카페,,서울 강남구 역삼동 621-1,서울 강남구 봉은사로18길 71,37.5020048306787,127.02792257379,GANGNAM,545774780,http://place.map.kakao.com/545774780,,KAKAO,강남 루프탑 카페,1
152,액트4,음식점 > 카페,010-4900-8737,서울 강남구 신사동 540-11,서울 강남구 도산대로15길 12,37.51911395372351,127.0240602966018,GANGNAM,931511391,http://place.map.kakao.com/931511391,,KAKAO,강남 루프탑 카페,1
153,카페601,음식점 > 카페,,서울 강남구 역삼동 765-8,서울 강남구 선릉로 309,37.4971861439105,127.052159497863,GANGNAM,70861934,http://place.map.kakao.com/70861934,,KAKAO,강남 루프탑 카페,1
154,카페리빈,음식점 > 카페,0507-2085-4771,서울 강남구 역삼동 706-12,서울 강남구 언주로90길 8,37.5022576652716,127.043889140589,GANGNAM,1586443225,http://place.map.kakao.com/1586443225,,KAKAO,강남 루프탑 카페,1
155,맨들러커피,음식점 > 카페,0503-7151-4540,서울 송파구 삼전동 48-12,서울 송파구 백제고분로 208,37.50361843869517,127.0896617690706,GANGNAM,515910614,http://place.map.kakao.com/515910614,,KAKAO,강남 루프탑 카페,1
156,카페슬로우,음식점 > 카페,02-3482-0111,서울 서초구 서초동 1308-12,서울 서초구 서초대로77길 35,37.50079626026492,127.02535270032543,GANGNAM,16733211,http://place.map.kakao.com/16733211,,KAKAO,강남 루프탑 카페,1
157,카페고고스,음식점 > 카페,02-584-3335,서울 서초구 서초동 1438-1,서울 서초구 효령로 356,37.48646347721584,127.02322441623429,GANGNAM,764234734,http://place.map.kakao.com/764234734,,KAKAO,강남 루프탑 카페,1
158,런던커파강남샐러드샌드위치맛집,음식점 > 카페,,서울 서초구 반포동 739-9,서울 서초구 사평대로53길 18,37.5051713582881,127.021764467664,GANGNAM,1171279548,http://place.map.kakao.com/1171279548,,KAKAO,강남 루프탑 카페,1
159,더레스트,음식점 > 카페,0507-1446-0423,서울 서초구 염곡동 216-1,서울 서초구 헌릉로 164,37.4572316512484,127.058219272217,GANGNAM,628602958,http://place.map.kakao.com/628602958,,KAKAO,강남 루프탑 카페,1
160,떨스티앤트,음식점 > 카페,0502-5550-0623,서울 송파구 송파동 18-11,서울 송파구 백제고분로41길 7-15,37.506397423693585,127.10765917965605,GANGNAM,1276610364,http://place.map.kakao.com/1276610364,,KAKAO,강남 루프탑 카페,1
161,복자타로카페,음식점 > 카페,02-511-5909,서울 서초구 반포동 721-1,서울 서초구 강남대로89길 19,37.5092053283508,127.020817831472,GANGNAM,1061644831,http://place.map.kakao.com/1061644831,,KAKAO,강남 루프탑 카페,1
162,더커피컴퍼니,음식점 > 카페,070-7756-3016,서울 서초구 반포동 45-2,서울 서초구 서초중앙로29길 16,37.4989189947806,127.010728657702,GANGNAM,1249699069,http://place.map.kakao.com/1249699069,,KAKAO,강남 루프탑 카페,1
163,ddd 잠실,음식점 > 카페,02-424-1442,서울 송파구 송파동 42-6,서울 송파구 백제고분로45길 17-3,37.5095574218808,127.109429271167,GANGNAM,1946951432,http://place.map.kakao.com/1946951432,,KAKAO,강남 루프탑 카페,1
164,카페플랜,음식점 > 카페,02-458-3555,서울 광진구 자양동 600-28,서울 광진구 자양번영로2길 7,37.530536848952686,127.0754275723086,GANGNAM,1667114620,http://place.map.kakao.com/1667114620,,KAKAO,강남 루프탑 카페,1
165,위드멍,음식점 > 카페 > 테마카페 > 애견카페,010-4299-0514,서울 송파구 석촌동 276,서울 송파구 가락로 98,37.5008442126489,127.107015635488,GANGNAM,630809414,http://place.map.kakao.com/630809414,,KAKAO,강남 루프탑 카페,1
166,카페탱자 서울공항점,음식점 > 카페 > 테마카페 > 디저트카페,070-8881-0358,경기 성남시 수정구 오야동 233-9,경기 성남시 수정구 오야북로6번길 14-1,37.4560930258502,127.104862034913,GANGNAM,1862094254,http://place.map.kakao.com/1862094254,,KAKAO,강남 루프탑 카페,1
167,코지모리,음식점 > 카페,070-4776-3501,서울 서초구 방배동 906-5,서울 서초구 방배로16길 16-8,37.4845330549469,126.996849972771,GANGNAM,2077704597,http://place.map.kakao.com/2077704597,,KAKAO,강남 루프탑 카페,1
168,커피로드뷰 연남점,음식점 > 카페,,서울 마포구 동교동 204-3,서울 마포구 월드컵북로6길 52,37.5590224587401,126.921235507785,YEOUIDO,1649930378,http://place.map.kakao.com/1649930378,,KAKAO,여의도 한강뷰 카페,1
169,더페이머스뷰,음식점 > 카페,,서울 마포구 도화동 555,서울 마포구 마포대로 33,37.5401602864114,126.945610940357,YEOUIDO,21055649,http://place.map.kakao.com/21055649,,KAKAO,여의도 한강뷰 카페,1
170,켄싱턴호텔 여의도 더뷰라운지,음식점 > 카페,02-6670-7331,서울 영등포구 여의도동 13-3,서울 영등포구 국회대로76길 16,37.530274784132416,126.92199320702456,YEOUIDO,1016401216,http://place.map.kakao.com/1016401216,,KAKAO,여의도 한강뷰 카페,1
171,카키바움,음식점 > 카페,02-790-6275,서울 용산구 한강로1가 225-1,서울 용산구 한강대로52길 29,37.531779547247,126.972738367243,YONGSAN_SAMGAKJI,859448387,http://place.map.kakao.com/859448387,,KAKAO,삼각지 루프탑 카페|용산 루프탑 카페|해방촌 루프탑 카페|후암동 루프탑 카페,4
172,컴컴베이커리카페,음식점 > 카페 > 테마카페 > 디저트카페,02-788-7365,서울 용산구 한강로2가 112-1,서울 용산구 한강대로44길 14,37.53081856304149,126.97058460505436,YONGSAN_SAMGAKJI,26817378,http://place.map.kakao.com/26817378,,KAKAO,삼각지 루프탑 카페|용산 루프탑 카페|해방촌 루프탑 카페|후암동 루프탑 카페,4
173,엔와이84.8,음식점 > 카페,02-790-9103,서울 용산구 남영동 84-8,서울 용산구 한강대로 268,37.5422060024068,126.973078557438,YONGSAN_SAMGAKJI,26911803,http://place.map.kakao.com/26911803,,KAKAO,삼각지 루프탑 카페|용산 루프탑 카페|해방촌 루프탑 카페|후암동 루프탑 카페,4
174,이스터서울,음식점 > 카페,010-4420-7692,서울 용산구 한강로2가 133,서울 용산구 한강대로 126-4,37.5307543653712,126.969688592871,YONGSAN_SAMGAKJI,1607376461,http://place.map.kakao.com/1607376461,,KAKAO,삼각지 루프탑 카페|용산 루프탑 카페|해방촌 루프탑 카페|후암동 루프탑 카페,4
175,인바이티드,음식점 > 카페,02-794-3332,서울 용산구 한강로1가 221-8,서울 용산구 한강대로52길 41,37.53144088107144,126.97322045443698,YONGSAN_SAMGAKJI,285654982,http://place.map.kakao.com/285654982,,KAKAO,삼각지 루프탑 카페|용산 루프탑 카페|해방촌 루프탑 카페|후암동 루프탑 카페,4
176,때가이르매 숙대점,음식점 > 카페 > 테마카페 > 디저트카페,070-4320-8495,서울 용산구 남영동 8-2,서울 용산구 두텁바위로 8,37.545074778148,126.97305036800032,HAEBANGCHON_HUAM,1240018987,http://place.map.kakao.com/1240018987,,KAKAO,용산 루프탑 카페|해방촌 루프탑 카페|후암동 루프탑 카페,3
177,모닝사이드카페,음식점 > 카페,,서울 용산구 한강로2가 61,서울 용산구 한강대로40길 39-11,37.5307071482209,126.971854034322,YONGSAN_SAMGAKJI,578126950,http://place.map.kakao.com/578126950,,KAKAO,삼각지 루프탑 카페|용산 루프탑 카페|해방촌 루프탑 카페|후암동 루프탑 카페,4
178,리버브,음식점 > 카페,02-797-0011,서울 용산구 한강로3가 65-339,서울 용산구 한강대로10길 11-4,37.5240431153227,126.964356290939,YONGSAN_SAMGAKJI,1609601152,http://place.map.kakao.com/1609601152,,KAKAO,용산 루프탑 카페,1
179,도화아파트먼트 용산점,음식점 > 카페,070-7799-6985,서울 용산구 한강로2가 148-1,서울 용산구 한강대로38가길 31,37.53005284866531,126.97113926713664,HAEBANGCHON_HUAM,685445756,http://place.map.kakao.com/685445756,,KAKAO,용산 루프탑 카페|해방촌 루프탑 카페|후암동 루프탑 카페,3
180,마블베이크,음식점 > 카페,,서울 용산구 용산동5가 24-1,서울 용산구 서빙고로 69,37.52301655454006,126.97340446475381,YONGSAN_SAMGAKJI,1845212264,http://place.map.kakao.com/1845212264,,KAKAO,용산 루프탑 카페,1
181,커피볶는시골커피 서울용산점,음식점 > 카페 > 커피전문점 > 커피볶는시골커피,0507-1348-7384,서울 용산구 원효로4가 125-2,서울 용산구 원효로 69-1,37.5329657148426,126.951632916958,YONGSAN_SAMGAKJI,87183444,http://place.map.kakao.com/87183444,,KAKAO,용산 루프탑 카페,1
182,카페 피에노,음식점 > 카페,02-365-7992,서울 서대문구 북아현동 1000-1,서울 서대문구 신촌로37길 16,37.5578192708453,126.957336819383,HAEBANGCHON_HUAM,1324691446,http://place.map.kakao.com/1324691446,,KAKAO,후암동 루프탑 카페,1
183,아더뷰,음식점 > 카페,,서울 종로구 계동 140-45,서울 종로구 창덕궁1길 36,37.57943937091472,126.98722768578598,BUKCHON_SEOCHON,305362170,http://place.map.kakao.com/305362170,,KAKAO,경복궁뷰 카페,1
184,카페르뷰,음식점 > 카페 > 커피전문점,,서울 중구 쌍림동 151-9,서울 중구 퇴계로 282,37.5631112823025,127.003191815626,BUKCHON_SEOCHON,1772325714,http://place.map.kakao.com/1772325714,,KAKAO,경복궁뷰 카페,1
